tree
version=v4
num_class=1
num_tree_per_iteration=1
label_index=0
max_feature_idx=13
objective=binary sigmoid:1
feature_names=portfolio signal_rank signal_lookback_days bar_return_5d bar_return_20d bar_vol_20d bar_volume_ratio bar_regime signal_above_ma_50 signal_quality_score signal_surprise_pct signal_actual_eps signal_estimate_eps signal_weight
feature_infos=-1:5:1:0:4:3:2 [1:15] [63:126] [-0.34263295553618123:0.42767106147322564] [-0.46541877398933862:1.3120805369127515] [0.0036547035904009716:0.11597204629657566] [0.04462321664257432:39.445059792787823] -1:1:3:0:2 -1:0 [0.33300000000000002:3.355] [5:960] [-1.3200000000000001:55.399999999999999] [-4.2199999999999998:50.399999999999999] [0.10000000000000001:0.5]
tree_sizes=1731 1758 1752 1740 1750 1735 1729 1731 1750 1737 1740 1736 1747 1743 1749 1746 1744 1746 1740 1756 1737 1738 1735 1704 1752 1753 1758 1760 1759 1754 1731 1748 1754 1733 1750 1772 1745 1790 1769 1770 1752 1767 1744 1756 1739 1741 1751 1718 1737 1751 1726 1745 1740 1751 1749 1731 1747 1738 1748 1723 1750 1752 1735 1751 1752 1759 1758 1761 1747 1756 1742 1738 1748 1754 1760 1746 1752 1740 1743 1734 1767 1742 1770 1741 1714 1733 1740 1734 1741 1751 1736 1747 1751 1744 1744 1735 1730 1754 1724 1737

Tree=0
num_leaves=15
num_cat=1
split_feature=0 13 3 12 4 3 5 12 4 6 5 3 4 5
split_gain=41.0396 20.8911 17.9913 16.3248 15.091 13.5649 11.9269 8.20042 10.4509 7.80729 7.38574 11.1867 6.81345 7.60942
threshold=0 0.35000000000000003 -0.0037889315933091849 4.2650000000000015 0.0047528983907868935 0.012445143679552861 0.037116950173105727 2.5050000000000003 0.030943765697842702 1.0598948187595629 0.019971889050544454 -0.032060251816560977 -0.075233679252018806 0.015991301112310539
decision_type=1 10 10 10 10 10 8 8 10 8 10 10 10 10
left_child=3 4 9 5 -2 10 -6 -7 -9 -3 11 12 -1 -14
right_child=1 2 -4 -5 6 7 -8 8 -10 -11 -12 -13 13 -15
leaf_value=-0.48454679660537209 -0.52787824989813015 -0.47692995238387825 -0.43921668148200138 -0.41664807097376999 -0.50238710231392425 -0.44352464986961249 -0.42089174132574514 -0.5118789107367373 -0.4633284448454964 -0.54445743686855042 -0.49701336529515061 -0.48858838741677696 -0.45990613004551645 -0.38650337812870528
leaf_weight=7.0693521201610592 78.234163463115692 9.1901577562093753 20.736766219139099 11.782253533601759 94.729318410158157 35.346760600805283 4.7129014134407035 13.903059169650076 54.66965639591217 8.0119324028491956 79.412388816475868 44.536918357014656 7.30499719083309 6.8337070494890213
leaf_count=30 332 39 88 50 402 150 20 59 232 34 337 189 31 29
internal_value=-0.487779 -0.503571 -0.470577 -0.474697 -0.51145 -0.476878 -0.498525 -0.463088 -0.473172 -0.508381 -0.486751 -0.474356 -0.444468 -0.424428
internal_weight=476.474 215.615 37.9389 260.859 177.676 249.077 99.4422 103.919 68.5727 17.2021 145.157 65.745 21.2081 14.1387
internal_count=2022 915 161 1107 754 1057 422 441 291 73 616 279 90 60
cat_boundaries=0 1
cat_threshold=11
is_linear=0
shrinkage=1


Tree=1
num_leaves=15
num_cat=1
split_feature=8 13 3 4 10 3 3 6 5 3 5 5 3 5
split_gain=37.0768 21.4445 15.0274 12.3271 9.9622 7.54259 9.99277 8.4047 12.9277 6.3108 5.73989 5.96403 5.60079 5.55338
threshold=0 0.35000000000000003 0.018812257712174821 -0.011220084444712024 7.6800000000000006 -0.082318383420725547 -0.058417466116542305 0.91168999688753838 0.0079765707253999993 0.010181165348951334 0.057596196505879396 0.038472532912103466 0.03820951892067357 0.0076615529891906672
decision_type=9 8 10 10 10 10 10 10 10 10 10 8 10 10
left_child=3 -2 5 -1 -4 10 -7 8 -8 -5 11 -3 -6 -9
right_child=1 2 4 9 12 6 7 13 -10 -11 -12 -13 -14 -15
leaf_value=-0.044409359965656391 -0.032018973778475977 -0.0080994473341931324 0.018862589908476928 -0.029069634789824796 0.0207294032104915 0.042261645481915272 0.071920999141454042 -0.034731158701238558 0.0088576395445782666 -0.0022408527597672099 0.036293456233969283 -0.055072228735011997 0.066291965764517277 0.0015462475452803317
leaf_weight=39.904912903904915 28.124745756387711 21.409132853150371 75.805907547473907 33.30873516201973 9.7461222559213656 21.04982590675354 10.430011391639708 11.99894744157791 36.796620279550552 64.101817205548286 4.7075753808021537 9.8741778731346113 21.902896463871002 87.320365965366364
leaf_count=171 120 91 320 142 41 89 44 51 156 273 20 42 92 370
internal_value=0.000916991 0.00979165 0.0135722 -0.0210032 0.0286996 0.00558784 0.0100477 0.00542048 0.0227852 -0.0114147 -0.01518 -0.0229258 0.0522613 -0.00283649
internal_weight=476.482 339.166 311.042 137.315 107.455 203.587 167.596 146.546 47.2266 97.4106 35.9909 31.2833 31.649 99.3193
internal_count=2022 1436 1316 586 453 863 710 621 200 415 153 133 133 421
cat_boundaries=0 1
cat_threshold=1
is_linear=0
shrinkage=0.05


Tree=2
num_leaves=15
num_cat=1
split_feature=8 13 3 3 1 5 4 3 3 6 5 4 6 3
split_gain=33.5603 19.4053 13.4202 11.4251 9.49607 8.27875 7.3339 6.80993 9.18708 6.58863 10.9347 6.44346 6.3428 7.58793
threshold=0 0.35000000000000003 0.018812257712174821 0.010181165348951334 3.5000000000000004 0.034826750262385971 0.17333670038640955 -0.082318383420725547 -0.074755911773879122 0.91168999688753838 0.0079765707253999993 0.22218236120065762 0.97468221821408341 0.02132249453786399
decision_type=9 8 10 10 10 8 10 10 10 10 10 10 10 8
left_child=3 -2 7 -1 6 12 -4 -3 -9 10 -10 -8 -5 -14
right_child=1 2 4 5 -6 -7 11 8 9 -11 -12 -13 13 -15
leaf_value=-0.03750388863472507 -0.030676182834860455 -0.014484219593115378 0.031223740412070058 -0.023375465169045449 0.0086921114524132342 0.056117509646534183 0.11585196739951734 0.066956999369892398 0.067272099383439504 0.00031068215660568952 0.010127076451810647 0.041345733712592099 0.059976718134979713 -0.0058524363959723729
leaf_weight=55.661199152469635 27.894029751420021 35.849869042634964 53.85478575527668 47.156264007091522 42.535591706633568 4.7294548600912085 5.2743204683065397 6.6851510256528845 10.588895872235296 110.71217322349548 39.970999747514725 6.4511610865592957 5.3722063302993774 23.642104983329777
leaf_count=240 120 153 225 202 179 20 22 28 44 469 169 27 23 101
internal_value=0.000866284 0.00927923 0.0128523 -0.0200684 0.0270917 -0.00807232 0.0390257 0.00529856 0.00952112 0.00714025 0.0220951 0.0748599 -0.0120579 0.0063363
internal_weight=476.378 339.817 311.923 136.561 108.116 80.9 65.5803 203.807 167.957 161.272 50.5599 11.7255 76.1706 29.0143
internal_count=2022 1436 1316 586 453 346 274 863 710 682 213 49 326 124
cat_boundaries=0 1
cat_threshold=1
is_linear=0
shrinkage=0.05


Tree=3
num_leaves=15
num_cat=2
split_feature=8 13 12 3 1 3 7 10 10 10 11 1 3 10
split_gain=30.3896 17.5662 13.9278 11.9292 12.0324 10.5033 11.007 8.45762 7.43526 8.97951 6.14495 6.82353 8.76209 7.28321
threshold=0 0.35000000000000003 4.2650000000000015 -0.0037889315933091849 3.5000000000000004 0.010181165348951334 1 9.0850000000000026 17.110000000000003 13.265000000000002 1.1450000000000002 13.500000000000002 -0.082318383420725547 8.6250000000000018
decision_type=9 8 10 10 10 10 9 8 10 10 8 8 10 8
left_child=5 -2 3 8 7 -1 -7 -5 9 10 -3 12 -12 -13
right_child=1 2 -4 4 -6 6 -8 -9 -10 -11 11 13 -14 -15
leaf_value=-0.036010967804033858 -0.029392777225409096 0.032194700561180671 0.064862687101698624 0.0001436088370337932 0.0010458210843892822 -0.0232127036652412 0.01041442219739061 0.036432767547444282 0.046710902050861876 -0.06381919659778805 -0.016302842657937258 0.0095146690224533325 0.019633572526339391 -0.034868157704026549
leaf_weight=55.085197076201439 27.662395671010017 12.773916035890577 12.059961348772047 19.855810225009918 57.95682817697525 39.651679053902626 41.06150509417057 83.897291734814644 7.8100225776433936 5.8939049392938605 28.466776162385941 13.735611140727995 41.970081865787506 28.263262689113617
leaf_count=240 120 54 50 83 244 170 176 350 33 25 122 58 177 120
internal_value=0.000818771 0.00879781 0.0121764 0.0100629 0.0192943 -0.0191788 -0.00769111 0.0294879 -0.000683472 -0.00350682 -0.000667779 -0.00440131 0.00511001 -0.0203529
internal_weight=476.144 340.346 312.683 300.624 161.71 135.798 80.7132 103.753 138.914 131.104 125.21 112.436 70.4369 41.9989
internal_count=2022 1436 1316 1266 677 586 346 433 589 556 531 477 299 178
cat_boundaries=0 1 2
cat_threshold=1 2
is_linear=0
shrinkage=0.05


Tree=4
num_leaves=15
num_cat=2
split_feature=0 12 4 3 5 5 7 3 5 3 6 3 4 3
split_gain=27.1407 12.3955 11.7031 9.49943 7.45466 6.7811 5.63166 17.7216 6.63952 6.34886 5.76917 5.90251 5.51018 6.30274
threshold=0 4.2650000000000015 -0.018848471221287067 -0.10008210180623975 0.035240711645421072 0.0069061615233996588 1 0.0010353042714820436 0.008697790334818498 0.062030345790715778 0.60008907463170935 0.040734659226042864 0.40749362726401606 0.024005579524184414
decision_type=1 10 10 10 8 10 9 10 10 10 10 10 10 10
left_child=1 3 -2 -1 5 -4 7 -7 -9 -10 -8 -12 13 -5
right_child=2 -3 4 12 -6 6 10 8 9 -11 11 -13 -14 -15
leaf_value=-0.022171875951240514 -0.03241234709891621 0.060926097933902947 0.025646805421761155 0.0069321225816815837 0.044173833569417204 -0.035861843257823371 -0.054435022612466556 -0.039390106273686248 0.033561420570011324 -0.011385656271000565 -0.0074836924075017512 -0.048374314166724872 -0.040837114360930939 0.024208323576067014
leaf_weight=21.882260158658028 56.144644752144814 12.193567439913748 13.472537085413931 140.28040058910847 7.1243379563093177 23.676451176404953 12.665323704481123 4.7244843542575827 33.448916137218475 10.268442481756209 39.163079157471657 11.392580553889273 4.7763666361570349 84.649187579751015
leaf_count=94 245 50 57 591 30 103 55 20 143 44 169 49 20 352
internal_value=0.000760024 0.0112657 -0.0122598 0.0093066 -0.00579014 -0.00818215 -0.0115497 -0.000359225 0.0169189 0.0230041 -0.0209452 -0.0166983 0.0123053 0.0134338
internal_weight=475.863 263.782 212.081 251.588 155.936 148.812 135.339 72.1183 48.4418 43.7174 63.221 50.5557 229.706 224.93
internal_count=2022 1107 915 1057 670 640 583 310 207 187 273 218 963 943
cat_boundaries=0 1 2
cat_threshold=11 9
is_linear=0
shrinkage=0.05


Tree=5
num_leaves=15
num_cat=2
split_feature=10 7 3 3 3 13 8 6 2 3 3 5 2 3
split_gain=25.7336 16.2741 9.3425 9.13369 7.07051 7.01198 6.55053 7.51758 5.75793 13.5769 12.1897 5.83171 5.44124 5.37328
threshold=97.990000000000023 0 0.0010353042714820436 0.03820951892067357 0.003672839025464919 0.35000000000000003 1 1.4765295102280296 94.500000000000014 -0.10690957020170476 -0.029509862378690147 0.023348938024182538 94.500000000000014 0.033756766519783196
decision_type=8 9 10 10 10 8 9 10 10 10 10 10 8 10
left_child=3 6 8 -1 -4 -6 7 -2 -3 -10 11 -11 -8 -7
right_child=1 2 4 -5 5 13 12 -9 9 10 -12 -13 -14 -15
leaf_value=0.011105127638580162 -0.041285435871364268 -0.019238538335131949 0.06418666822770662 0.045011308518907556 -0.028005560089076662 -0.0001535454125731933 0.027455108623225206 0.0057307249899293325 -0.04344704129057822 0.095456970307463487 -0.022999834746911207 0.030981523197170475 -0.016512118304771187 0.023462959226488164
leaf_weight=82.897949174046516 53.054964706301689 63.588154852390289 5.8668916821479788 26.120742499828339 12.124934211373329 45.556360334157944 7.6729805320501319 10.124498039484022 9.9507463872432691 5.0306690037250545 8.5389947742223757 11.579975858330725 84.881196811795235 51.102278470993042
leaf_count=347 233 277 25 107 53 193 32 44 43 21 36 49 358 215
internal_value=-0.00211471 -0.00841934 0.000966848 0.019229 0.0107198 0.0078362 -0.0200519 -0.0337511 -0.0102655 0.00599001 0.0255504 0.0505084 -0.0128671 0.0123322
internal_weight=478.091 369.073 213.339 109.019 114.65 108.784 155.734 63.1795 98.6885 35.1004 25.1496 16.6106 92.5542 96.6586
internal_count=2033 1579 912 454 486 461 667 277 426 149 106 70 390 408
cat_boundaries=0 1 2
cat_threshold=2 1
is_linear=0
shrinkage=0.05


Tree=6
num_leaves=15
num_cat=2
split_feature=0 7 4 1 5 6 10 12 6 5 6 5 5 5
split_gain=27.6828 14.8661 14.6053 9.89119 5.73027 5.32966 6.47219 6.47655 7.97034 5.842 4.92298 4.64842 4.61961 5.5622
threshold=0 1 0.091308133578018313 1.5000000000000002 0.017679863982062397 2.5549785188179448 9.6850000000000005 0.77500000000000013 1.6872722030015566 0.017112853613710361 0.95387387011924318 0.020202058080637641 0.016062838258585753 0.020833542054895505
decision_type=1 9 10 10 10 10 10 10 10 8 10 10 10 10
left_child=5 -2 -3 -4 -5 6 7 11 10 -10 -9 -1 -12 -14
right_child=1 2 3 4 -6 -7 -8 8 9 -11 12 -13 13 -15
leaf_value=0.037703679324746046 -0.021358265882651026 -0.0075706174708724322 -0.02862791518064341 0.079226682610842689 0.027064441569910416 -0.0055662735220014109 0.03522082629854472 0.023215845745717219 0.073059884830785307 0.00011865209883573746 -0.053156980794036628 -0.010542093529754132 0.028163671993430475 -0.041216430238886596
leaf_weight=25.488807693123821 145.42108668386936 149.29175963997841 6.9362223595380774 6.4674911350011817 28.318857789039612 21.946686819195747 48.860728874802589 6.0200604051351574 5.0697183161973927 5.9866444021463403 9.8338029086589831 6.2087271660566321 5.7766561657190305 5.7785278856754303
leaf_count=106 628 643 30 27 119 92 202 25 21 25 41 26 24 24
internal_value=-0.00201615 -0.00972618 -0.000248582 0.0258916 0.0367625 0.0159433 0.021249 0.0115192 -0.00227086 0.0335647 -0.0167263 0.0282536 -0.0279683 -0.006532
internal_weight=477.406 336.435 191.014 41.7226 34.7863 140.97 119.024 70.1629 38.4654 11.0564 27.409 31.6975 21.389 11.5552
internal_count=2033 1447 819 176 146 586 494 292 160 46 114 132 89 48
cat_boundaries=0 1 2
cat_threshold=9 2
is_linear=0
shrinkage=0.05


Tree=7
num_leaves=15
num_cat=3
split_feature=0 7 4 3 1 3 13 3 1 5 0 3 13 6
split_gain=25.0373 13.615 13.1324 9.10759 8.86686 6.79346 7.26345 6.36842 5.23892 5.03532 4.82456 9.9383 6.52163 5.22282
threshold=0 1 0.091308133578018313 0.036389180058548888 1.5000000000000002 0.12450474394892976 0.35000000000000003 -0.14535138972172065 11.500000000000002 0.017679863982062397 2 -0.0037889315933091849 0.35000000000000003 1.0976032252457726
decision_type=1 9 10 10 10 10 10 10 8 10 1 10 10 10
left_child=3 5 7 -1 -4 6 8 -3 -2 -6 -9 13 -13 -12
right_child=1 2 4 -5 9 -7 -8 10 -10 -11 11 12 -14 -15
leaf_value=0.009275761218938073 -0.026094581524019056 -0.065578753947283117 -0.027415969664609675 0.039530875595776602 0.074144665915703123 0.026530678449582068 0.0086543877274984551 0.0079088877201710407 -0.076371770294331454 0.025562771276337656 -0.019376084355895582 -0.0077520240262907505 0.032226380360155238 -0.059100441343734933
leaf_weight=109.13250021636486 117.36772158741951 4.5305511057376853 6.8821052163839331 32.217091828584671 6.562623292207717 6.8988441228866568 14.898949488997458 43.265535846352577 5.4206154495477668 28.479032725095749 26.211458325386047 50.088367715477943 12.809946686029432 12.091190248727797
leaf_count=455 512 20 30 131 27 29 63 183 24 119 116 217 53 54
internal_value=-0.00194331 -0.00929805 -0.000238243 0.0151032 0.0244708 -0.0204719 -0.0243138 -0.00720669 -0.0283141 0.0346612 -0.0053761 -0.0107727 0.000390026 -0.0319161
internal_weight=476.857 335.507 190.921 141.35 41.9238 144.586 137.687 148.997 122.788 35.0417 144.466 101.201 62.8983 38.3026
internal_count=2033 1447 819 586 176 628 599 643 536 146 623 440 270 170
cat_boundaries=0 1 2 3
cat_threshold=9 2 6
is_linear=0
shrinkage=0.05


Tree=8
num_leaves=15
num_cat=2
split_feature=0 7 4 3 3 3 5 5 3 4 6 3 3 3
split_gain=22.5911 12.4194 11.8033 8.16308 6.16894 5.90381 4.71976 4.70447 6.80971 8.18296 5.97973 8.84297 7.05203 6.46326
threshold=0 1 0.091308133578018313 0.036389180058548888 0.12450474394892976 -0.14535138972172065 0.035240711645421072 0.0094981158613379017 0.0056894353159196677 0.0013885445674907996 1.1437033752831163 -0.04597878154720856 -0.013585555607629944 -0.080830686074628955
decision_type=1 9 10 10 10 10 10 10 10 10 10 10 10 10
left_child=3 4 5 -1 7 -3 -7 8 9 -2 11 13 -12 -9
right_child=1 2 -4 -5 -6 6 -8 10 -10 -11 12 -13 -14 -15
leaf_value=0.0087957364661474177 -0.015898020568106883 -0.06365650549124055 0.023151907155335407 0.037384503417494087 0.025059572508513574 -0.0078721594775917683 0.024396179211714063 -0.030138692046152361 -0.032926394567923165 0.06195096876760936 -0.041656805568510702 -0.042189909955149874 0.0070210485859412601 0.042503040597030514
leaf_weight=109.32875482738018 7.2752614319324511 4.4363896250724784 42.084827914834023 32.35957245528698 6.9376092106103888 131.71457788348198 12.398735448718069 6.5271054655313492 10.840364620089529 6.2973885089159012 11.335496112704275 67.00525926053524 21.652294531464577 5.7681409418582898
leaf_count=455 32 20 176 131 29 570 53 29 47 27 50 295 94 25
internal_value=-0.00184548 -0.00885851 -0.000211616 0.0143147 -0.0195738 -0.00684486 -0.00509596 -0.0232708 -0.003378 0.0202221 -0.0275957 -0.0350376 -0.00970598 0.00394015
internal_weight=475.962 334.273 190.635 141.688 143.639 148.55 144.113 136.701 24.413 13.5726 112.288 79.3005 32.9878 12.2952
internal_count=2033 1447 819 586 628 643 623 599 106 59 493 349 144 54
cat_boundaries=0 1 2
cat_threshold=9 2
is_linear=0
shrinkage=0.05


Tree=9
num_leaves=15
num_cat=3
split_feature=0 7 3 3 0 3 3 3 3 13 6 5 3 3
split_gain=20.4043 11.3198 7.32893 6.17013 8.33069 11.7076 6.31288 5.65065 5.60472 6.34195 5.27625 6.30334 5.2447 9.96246
threshold=0 1 0.036389180058548888 -0.10690957020170476 2 -0.0037889315933091849 -0.043790782720930892 0.0040937004619106933 0.12450474394892976 0.35000000000000003 1.0976032252457726 0.0090292438614314515 -0.019804969410108991 -0.033359289732664145
decision_type=1 9 10 10 1 10 10 10 10 10 10 10 10 10
left_child=2 8 -1 -3 5 10 -6 -7 9 -2 11 -5 13 -13
right_child=1 3 -4 4 6 7 -8 -9 -10 -11 -12 12 -14 -15
leaf_value=0.0083416760978867379 -0.026076483059624372 -0.034749031081169439 0.035389090698720496 0.027923887563444647 0.044889266270581332 0.042194479857452213 0.0085631087108475473 2.4187710363861542e-05 0.023685093466760287 0.0085048777315897862 -0.056853793261543918 -0.045569081809084928 -0.062779413823058836 0.040451292178101693
leaf_weight=109.51101206243038 120.8044116050005 12.111014425754545 32.471893712878227 6.1542218029499081 15.996233239769934 9.020423620939253 47.398159086704254 66.552273347973824 6.9722721129655829 14.892431437969206 11.615354493260382 8.4444304108619708 7.6310323029756537 5.5967816412448874
leaf_count=455 536 54 131 27 67 39 197 285 29 63 53 38 34 25
internal_value=-0.0017602 -0.00844739 0.0135716 -0.000202953 0.00213078 -0.00594959 0.0153136 0.00505767 -0.0187226 -0.0222813 -0.0285486 -0.0167333 -0.0294146 -0.0112816
internal_weight=475.172 333.189 141.983 190.52 178.409 115.015 63.3944 75.5727 142.669 135.697 39.4418 27.8265 21.6722 14.0412
internal_count=2033 1447 586 819 765 501 264 324 628 599 177 124 97 63
cat_boundaries=0 1 2 3
cat_threshold=9 2 48
is_linear=0
shrinkage=0.05


Tree=10
num_leaves=15
num_cat=2
split_feature=0 13 4 4 12 3 5 6 7 3 6 3 1 4
split_gain=15.5767 9.68981 9.05529 8.40789 6.58933 6.44898 8.77825 6.34781 6.31702 6.79553 5.66711 10.1733 5.59815 7.65587
threshold=0 0.35000000000000003 0.0047528983907868935 0.030943765697842702 1.6950000000000001 0.012445143679552861 0.014647567632772666 1.6872722030015566 1 -0.11445841473082817 1.0598948187595629 -0.00950193235888179 1.5000000000000002 -0.040879215870392623
decision_type=1 10 10 10 10 10 10 8 9 10 8 10 10 10
left_child=1 2 5 8 -5 -1 -7 -6 9 -2 -3 -12 13 -10
right_child=3 10 -4 4 7 6 -8 -9 12 -11 11 -13 -14 -15
leaf_value=-0.041462718294929118 -0.033215797246134791 0.028845739610331558 -0.004264386545113164 0.013883760863882686 0.027709057229632419 0.033223819105965516 -0.029469551772087189 0.087998706077838384 0.024426944874973575 0.032925000521316326 -0.074481876253244525 0.014055954219615894 -0.019096098560895614 -0.01181921190950508
leaf_weight=39.192581251263618 4.5394102632999447 23.61106538772583 91.063197910785675 116.91228041052818 16.921021640300754 8.2601305246353167 17.230544283986092 5.8841707259416571 26.45927007496357 26.877274572849274 4.3981058001518276 12.369438007473944 44.058807566761971 32.417015358805656
leaf_count=181 20 99 402 488 69 37 77 24 111 112 20 52 189 135
internal_value=0.00222565 -0.00834124 -0.0144254 0.00973645 0.0186795 -0.0287304 -0.00915407 0.0432649 0.00116097 0.017726 0.0130605 -0.00916741 -0.00511954 0.00446998
internal_weight=470.194 196.125 155.746 274.069 139.717 64.6833 25.4907 22.8052 134.352 31.4167 40.3786 16.7675 102.935 58.8763
internal_count=2016 868 697 1148 581 295 114 93 567 132 171 72 435 246
cat_boundaries=0 1 2
cat_threshold=48 1
is_linear=0
shrinkage=0.05


Tree=11
num_leaves=15
num_cat=2
split_feature=0 13 4 4 11 7 4 5 6 6 1 4 6 6
split_gain=14.0695 8.77932 8.3265 7.55229 6.37255 5.68827 5.88902 5.5483 5.08302 5.65978 5.07843 6.88507 5.55252 4.68549
threshold=0 0.35000000000000003 0.0047528983907868935 0.030943765697842702 1.1050000000000002 1 -0.017936171942506792 0.012359985334134979 1.0598948187595629 1.1949638755305354 1.5000000000000002 -0.040879215870392623 1.2026506629044016 1.6872722030015566
decision_type=1 10 10 10 10 9 10 10 8 10 10 8 10 10
left_child=1 2 -1 5 -5 6 -2 -4 -3 -10 11 -7 -12 -6
right_child=3 8 7 4 13 10 -8 -9 9 -11 12 -13 -14 -15
leaf_value=-0.027596092462285324 0.011033647906084593 0.027245005090961928 -0.025322364221999613 0.011662759751120692 0.02444610840390601 0.023090521024494978 0.064254947947499974 0.003115290534475193 -0.056354569910089337 0.009052855797389266 -0.0052809797642810515 -0.011254399511233176 -0.042677471917087428 0.065053945214804496
leaf_weight=64.004300445318222 24.968368232250217 23.744801819324493 22.936223909258842 106.15795856714249 23.837005913257599 26.587709307670593 6.5641930252313605 68.011263087391853 4.5456712096929577 12.141275361180304 28.662948802113533 32.343616843223572 15.184028342366217 10.11909671127796
leaf_count=295 105 99 103 443 97 111 27 299 20 52 123 135 66 41
internal_value=0.00211232 -0.00795839 -0.0137797 0.00923586 0.0176935 0.00110047 0.0167886 -0.00405646 0.0123831 -0.0087647 -0.00487211 0.0042408 -0.0182312 0.0365475
internal_weight=469.808 195.384 154.952 274.425 140.114 134.311 31.5326 90.9475 40.4317 16.6869 102.778 58.9313 43.847 33.9561
internal_count=2016 868 697 1148 581 567 132 402 171 72 435 246 189 138
cat_boundaries=0 1 2
cat_threshold=48 1
is_linear=0
shrinkage=0.05


Tree=12
num_leaves=15
num_cat=1
split_feature=0 4 4 5 11 6 4 5 10 6 10 1 4 10
split_gain=12.7077 6.78883 6.00548 7.86489 5.72775 5.37797 5.27495 5.18083 5.0525 8.42649 4.91919 5.41045 4.7723 4.55091
threshold=0 0.030943765697842702 -0.022517185431877394 0.0069061615233996588 1.1050000000000002 1.0658766589606334 -0.024860441323316839 0.034826750262385971 9.6850000000000005 2.3104534629278821 6.2100000000000009 1.5000000000000002 -0.037103437608199973 8.0200000000000014
decision_type=1 10 10 10 10 8 8 10 10 8 8 8 8 8
left_child=2 8 6 5 13 -4 -1 -5 10 12 -2 -12 -10 -3
right_child=1 4 3 7 -6 -7 -8 -9 9 -11 11 -13 -14 -15
leaf_value=-0.018292902590441289 0.036117534199754685 -0.030831233774255163 0.057703874089022757 -0.0089764581041804868 0.034614579777425318 -0.0078542554428982364 -0.073407330022331074 0.037847404629255343 0.064840242706963938 -0.020595848247283052 0.023487751539507939 -0.011876962843991798 0.017009369850893571 0.013608093107217199
leaf_weight=36.796463742852211 7.0055654048919678 6.1122377216815948 8.3818609565496409 133.40779137611389 34.056400209665298 4.9910364449024209 4.9221113622188559 6.1812337040901175 8.5438387691974622 9.5651326477527601 12.428467422723768 83.317596226930618 13.384641125798231 100.27637548744678
leaf_count=170 29 25 35 592 138 22 23 26 35 40 53 355 55 418
internal_value=0.00200576 0.0087639 -0.00759014 -0.00339379 0.0167679 0.0332363 -0.0247955 -0.00690302 0.00104307 0.018564 -0.00432713 -0.00728639 0.0356454 0.011055
internal_weight=469.371 274.69 194.68 152.962 140.445 13.3729 41.7186 139.589 134.245 31.4936 102.752 95.7461 21.9285 106.389
internal_count=2016 1148 868 675 581 57 193 618 567 130 437 408 90 443
cat_boundaries=0 1
cat_threshold=48
is_linear=0
shrinkage=0.05


Tree=13
num_leaves=15
num_cat=2
split_feature=0 4 4 4 5 3 7 3 4 4 5 3 12 6
split_gain=11.4762 6.10409 5.67306 5.4949 7.07244 5.95234 5.08399 5.90871 4.98716 4.69958 4.65605 4.52461 7.05655 4.56256
threshold=0 0.030943765697842702 0.04080412917071672 -0.022517185431877394 0.0069061615233996588 0.0044195472085284118 1 -0.11445841473082817 -0.024860441323316839 0.30878550744622185 0.034826750262385971 0.034955218993732558 1.3550000000000002 1.329042954257708
decision_type=1 10 10 10 10 10 9 8 8 10 10 10 10 10
left_child=3 6 -3 8 5 -5 7 -2 -1 11 -6 13 -13 -4
right_child=1 2 9 4 10 -7 -8 -9 -10 -11 -12 12 -14 -15
leaf_value=-0.017495965140689698 -0.032233619305749917 0.049289028182794577 -0.0015799515799569789 0.056762379891796604 -0.0085514317059534953 -0.012255899159255814 -0.0046653788124858646 0.029595265355223728 -0.071775579934974895 -0.022225255408755681 0.035684768395713877 0.016006441856049079 0.057744293638913438 0.028978543816515042
leaf_weight=36.55519862473011 4.5057693868875504 11.663119137287138 47.195819348096848 8.5028782039880735 133.04603607952595 4.9381788223981848 102.54820868372917 27.134009495377544 4.7857663482427588 8.8796659857034665 6.2268229871988288 43.316649615764618 13.21665747463703 16.479921773076057
leaf_count=170 20 48 197 36 592 21 435 112 23 37 26 178 53 68
internal_value=0.00190467 0.00831671 0.0158935 -0.0072357 -0.00323094 0.0314054 0.000989067 0.0157974 -0.0237796 0.0128762 -0.00657365 0.0154691 0.0257641 0.00632889
internal_weight=468.995 274.94 140.752 194.055 152.714 13.4411 134.188 31.6398 41.341 129.089 139.273 120.209 56.5333 63.6757
internal_count=2016 1148 581 868 675 57 567 132 193 533 618 496 231 265
cat_boundaries=0 1 2
cat_threshold=48 1
is_linear=0
shrinkage=0.05


Tree=14
num_leaves=15
num_cat=2
split_feature=8 13 4 7 3 3 3 3 4 4 4 5 4 6
split_gain=10.3923 8.4943 7.09006 5.94438 11.5943 6.72699 5.74589 5.55816 5.41591 6.385 5.03039 4.65748 4.41018 3.94282
threshold=0 0.35000000000000003 -0.011220084444712024 1 -0.0012647664954183559 0.017560818533872435 -0.022226186124100041 -0.0034841721099189548 0.024522496347559385 0.0089424477291716667 0.040056535199892239 0.022309344309071819 -0.028435642276422722 1.4765295102280296
decision_type=9 8 10 9 10 10 10 10 8 10 10 10 10 10
left_child=2 6 12 5 10 8 -2 -3 9 -4 -5 -6 -1 -7
right_child=1 7 3 4 11 13 -8 -9 -10 -11 -12 -13 -14 -15
leaf_value=-0.014891874934722334 0.022549131550425705 0.0014591445615580272 -0.012751973758179023 -0.064159315803712494 0.039129854053981589 -0.047998068138602891 -0.03168050104961944 0.014774816983434972 -0.026228621131838593 0.065336621504620038 0.0028988772887130177 0.0025896290623347684 -0.050780561331415557 0.0022749805690730918
leaf_weight=21.069643497467041 6.2521970868110683 145.16413222253323 5.0718397498130781 6.1733567714691144 21.447818756103516 17.603020414710048 22.329528793692589 170.31806692481041 8.4590888321399706 5.4100059121847153 5.1128891259431839 14.696004599332808 14.417783334851263 5.0101518183946601
leaf_count=100 29 618 24 29 92 81 102 701 39 25 23 62 69 22
internal_value=0.00180426 0.00628315 -0.0105763 -0.00304028 0.00863747 -0.0148696 -0.0198179 0.00864782 0.00353337 0.027552 -0.0337806 0.0242727 -0.0294727 -0.0368596
internal_weight=468.536 344.064 124.472 88.9842 47.4301 41.5541 28.5817 315.482 18.9409 10.4818 11.2862 36.1438 35.4874 22.6132
internal_count=2016 1450 566 397 206 191 131 1319 88 49 52 154 169 103
cat_boundaries=0 1 2
cat_threshold=1 2
is_linear=0
shrinkage=0.05


Tree=15
num_leaves=15
num_cat=2
split_feature=8 13 3 1 10 5 5 3 3 3 5 5 7 5
split_gain=13.471 9.52536 6.89021 6.30219 5.89941 5.17058 7.8622 4.82635 4.75561 4.69623 6.04049 9.27442 4.47769 6.89075
threshold=0 0.35000000000000003 0.044954843269988935 3.5000000000000004 13.265000000000002 0.056456716060347197 0.037516968255108411 -0.091215676922159719 0.0094847643400382108 -0.10008210180623975 0.028937389024974794 0.042122607715962553 1 0.014647567632772666
decision_type=9 8 10 10 10 8 10 10 10 10 10 8 9 10
left_child=8 -2 3 5 -4 6 7 -3 -1 -5 -11 -12 13 -10
right_child=1 2 4 9 -6 -7 -8 -9 12 10 11 -13 -14 -15
leaf_value=-0.024571592185683836 -0.022698547994110987 0.045634954344339881 0.01645269778095251 -0.041848184889899692 0.057820640149719327 0.061924805314322401 -0.028579198589146693 0.0090190799781513873 0.0051949429176926789 -0.012756181990776714 0.051877339695995589 -0.028871683370733134 0.0068141948407338497 -0.040708481225792049
leaf_weight=52.51264899969101 26.601094096899033 9.5412072539329511 55.346323385834694 9.0482814162969571 10.20779128372669 4.5830162912607184 13.487479001283644 158.51804703474045 14.674282088875769 43.400016710162163 10.124190703034397 5.4810256361961374 38.726056814193726 18.460501953959465
leaf_count=249 123 41 227 41 41 20 58 657 68 184 43 23 166 86
internal_value=0.000980623 0.00604943 0.00844116 0.00471368 0.0228943 0.00947425 0.00815018 0.0110979 -0.0131343 -0.00830674 -0.00316326 0.0235158 -0.00477643 -0.0156548
internal_weight=470.712 346.338 319.737 254.183 65.5541 186.13 181.547 168.059 124.373 68.0535 59.0052 15.6052 71.8608 33.1348
internal_count=2027 1458 1335 1067 268 776 756 698 569 291 250 66 320 154
cat_boundaries=0 1 2
cat_threshold=1 2
is_linear=0
shrinkage=0.05


Tree=16
num_leaves=15
num_cat=1
split_feature=11 12 6 4 7 13 4 1 4 6 1 5 6 11
split_gain=9.18036 6.97694 7.287 9.65577 6.81523 6.8169 6.10556 7.92613 6.40596 5.66075 5.57262 5.26602 5.21184 4.93318
threshold=1.0200000000000002 1.1650000000000003 1.6872722030015566 0.029574597155037501 0 0.35000000000000003 0.091308133578018313 1.5000000000000002 0.30878550744622185 1.2266605198620899 2.5000000000000004 0.014647567632772666 1.329042954257708 0.74500000000000011
decision_type=10 10 10 10 9 10 10 10 10 10 8 10 10 8
left_child=4 -2 3 9 5 13 10 -8 12 11 -6 -3 -9 -1
right_child=1 2 -4 -5 6 -7 7 8 -10 -11 -12 -13 -14 -15
leaf_value=0.018147518605277239 0.057543242735208736 -0.035736099668935248 0.030343534096341787 0.022595410132403682 0.019860220865511969 0.023606128404867047 -0.017012518270569984 0.047164651819391945 -0.024011478856174523 -0.052442218823970148 -0.004803862621435495 0.030576626127336082 -0.0015575091587650227 -0.015601274934489562
leaf_weight=11.713804066181181 9.0876163095235807 5.8364986926317233 29.081070512533188 20.526555329561234 27.294806554913521 13.814919665455816 11.790400251746176 27.347472235560417 4.8507126271724692 10.168803319334982 142.29409512877464 6.1469040066003799 6.8670710176229468 143.19901782274246
leaf_count=48 37 24 119 83 118 58 50 112 20 42 621 25 28 642
internal_value=0.00093713 0.0162684 0.0110414 -0.0021109 -0.00224783 -0.0094859 0.00356095 0.0189179 0.0297621 -0.0250041 -0.000834255 -0.00172089 0.0373858 -0.0130493
internal_weight=470.02 80.8474 71.7598 42.6788 389.172 168.728 220.445 50.8557 39.0653 22.1522 169.589 11.9834 34.2145 154.913
internal_count=2027 330 293 174 1697 748 949 210 160 91 739 49 140 690
cat_boundaries=0 1
cat_threshold=2
is_linear=0
shrinkage=0.05


Tree=17
num_leaves=15
num_cat=1
split_feature=8 13 4 3 11 11 6 4 4 3 3 4 2 11
split_gain=11.7274 8.32701 6.29193 6.2237 5.86448 6.25338 5.05442 7.31298 5.94091 5.22595 10.2694 5.51058 4.89145 4.33375
threshold=0 0.35000000000000003 -0.011220084444712024 0.044954843269988935 1.3150000000000002 0.47500000000000003 0.82989859446134906 -0.028435642276422722 0.1301029678497618 0.033120889614300958 0.02132249453786399 0.15361390801261329 94.500000000000014 1.6050000000000002
decision_type=9 8 10 10 10 10 8 10 8 8 10 10 10 8
left_child=2 -2 -1 6 5 12 7 -3 13 10 11 -9 -5 -8
right_child=1 3 -4 4 -6 -7 8 9 -10 -11 -12 -13 -14 -15
leaf_value=-0.030351759863897987 -0.021434101873609213 -0.017394557453429847 -0.0052657520149711496 0.061074677069087958 0.048030052564894482 -0.033722867156897776 0.018345105045631999 0.03635136905985379 -0.031315531175004845 0.074373453474645176 -0.046980723651489843 -0.015311607039042564 0.013010251732192316 -0.0011749071197163553
leaf_weight=34.824434280395508 26.30545774102211 12.592794165015219 88.559724971652031 6.1691765934228888 15.869075417518614 6.2320349514484397 35.521844461560249 33.763500913977623 13.816322728991507 4.8838562071323386 5.0877415984868994 6.0929880589246741 37.28501358628273 142.51055718958378
leaf_count=170 123 54 399 25 64 25 146 141 58 20 21 26 154 601
internal_value=0.00088924 0.00560722 -0.0123461 0.00783135 0.021568 0.0131164 0.00428979 0.0166485 0.0002687 0.025252 0.0199142 0.0284535 0.0198339 0.00271982
internal_weight=469.515 346.13 123.384 319.825 65.5553 49.6862 254.27 62.4209 191.849 49.8281 44.9442 39.8565 43.4542 178.032
internal_count=2027 1458 569 1335 268 204 1067 262 805 208 188 167 179 747
cat_boundaries=0 1
cat_threshold=1
is_linear=0
shrinkage=0.05


Tree=18
num_leaves=15
num_cat=2
split_feature=8 13 3 11 11 1 1 3 3 3 3 7 3 11
split_gain=10.6187 7.54824 5.61307 5.33819 5.63765 5.18044 5.03551 4.3833 4.23975 5.93535 4.21952 3.82015 5.30676 3.67943
threshold=0 0.35000000000000003 0.044954843269988935 1.3150000000000002 0.47500000000000003 3.5000000000000004 2.5000000000000004 -0.10492754246619666 -0.10008210180623975 -0.058417466116542305 0.0094847643400382108 1 0.017560818533872435 3.1850000000000005
decision_type=9 8 10 10 10 10 10 8 10 10 10 9 10 10
left_child=10 -2 5 4 6 7 -4 -3 -7 -10 -1 12 -12 -5
right_child=1 2 3 13 -6 8 -8 -9 9 -11 11 -13 -14 -15
leaf_value=-0.022692922721041446 -0.020533524877068998 0.035413765142614961 0.060667954711226948 0.06908013023781269 -0.032072134806560369 -0.039964202266225629 0.011893698109903433 0.0061989850925732847 0.037249386364287949 -0.0091903681447874086 0.029483379901840641 0.0066263638032595011 -0.026965934425042155 0.020823097288462399
leaf_weight=51.503946572542191 26.091786906123161 13.869791969656942 6.1641163825988761 8.1800922900438291 6.2253155112266532 8.8864412903785688 37.3931904733181 172.78257276117802 7.9559034258127204 50.890883341431618 4.9009656608104697 38.718077644705772 27.66653236746788 7.638540342450141
leaf_count=249 123 60 25 33 25 41 154 716 34 216 23 166 131 31
internal_value=0.000843924 0.00532595 0.00743454 0.020475 0.012435 0.00407163 0.0187961 0.00836988 -0.00777304 -0.00291186 -0.0117885 -0.00391009 -0.0141318 0.0457777
internal_weight=468.868 346.079 319.987 65.6013 49.7826 254.386 43.5573 186.652 67.7332 58.8468 122.79 71.2856 32.5675 15.8186
internal_count=2027 1458 1335 268 204 1067 179 776 291 250 569 320 154 64
cat_boundaries=0 1 2
cat_threshold=1 2
is_linear=0
shrinkage=0.05


Tree=19
num_leaves=15
num_cat=1
split_feature=8 13 4 10 6 1 4 6 4 6 6 10 12 6
split_gain=9.58854 6.84229 5.76131 4.10896 3.45381 3.2067 6.96278 6.26574 6.57781 5.23771 4.44932 7.00514 7.77037 4.07337
threshold=0 0.35000000000000003 -0.011220084444712024 38.185000000000009 0.58838421235217286 3.5000000000000004 0.17333670038640955 0.94140349100070664 -0.033652806447850445 0.82276709518388291 1.5780383041507284 6.9900000000000011 3.0950000000000002 1.7900192831974073
decision_type=9 8 10 10 10 10 10 8 10 10 10 8 10 10
left_child=2 -2 -1 5 -4 6 7 8 9 -3 -9 -12 13 -13
right_child=1 3 4 -5 -6 -7 -8 10 -10 -11 11 12 -14 -15
leaf_value=-0.028672701628818437 -0.019667550853353626 -0.04245310408689508 -0.021052212896065375 0.041130404046652962 0.0014452776770360407 -0.0012558169376898438 0.045517078464142526 -0.0055454318495421814 0.030510194852850614 0.025990065355873972 0.049764214755604122 0.023573443059599873 0.054808418380253854 -0.012311376914047902
leaf_weight=34.134315952658653 25.884003326296806 6.3330886512994748 23.149228736758232 8.6108097583055478 64.851170644164085 100.09366664290428 12.688825428485869 84.445292979478836 43.573368683457375 5.0037956833839417 10.318315863609312 10.512394264340399 6.6234117597341529 31.921445280313492
leaf_count=170 123 27 106 35 293 425 52 351 179 21 42 44 27 132
internal_value=0.000808015 0.00505943 -0.0112363 0.00705875 -0.00447287 0.00611695 0.00960748 0.00731468 0.021683 -0.0122441 0.00182889 0.0123168 0.00444043 -0.00342141
internal_weight=468.143 346.008 122.135 320.124 88.0004 311.514 211.42 198.731 54.9103 11.3369 143.821 59.3756 49.0573 42.4338
internal_count=2027 1458 569 1335 399 1300 875 823 227 48 596 245 203 176
cat_boundaries=0 1
cat_threshold=1
is_linear=0
shrinkage=0.05


Tree=20
num_leaves=15
num_cat=2
split_feature=10 7 4 4 2 1 8 5 4 4 3 6 3 2
split_gain=9.04515 11.6135 7.09422 5.83159 10.2022 4.94593 5.90113 4.99275 5.49065 10.9344 5.47637 7.76832 4.68372 4.57781
threshold=5.8900000000000015 0 -0.060571512676221261 -0.084396558733220148 1.0000000180025095e-35 2.5000000000000004 1 0.024462462230125766 0.091308133578018313 0.063294146590898062 0.070572486747864691 1.3177927948022321 -0.060035272710737435 94.500000000000014
decision_type=10 9 10 8 10 8 9 10 10 10 10 10 10 8
left_child=1 -1 3 4 -3 6 -4 8 9 -7 12 -12 -9 -10
right_child=-2 2 5 -5 -6 7 -8 10 13 -11 11 -13 -14 -15
leaf_value=-0.014938341067834282 0.011959318073464748 0.0523369559488766 0.00091856775198279604 -0.043359478992928614 -0.027002522340088698 0.0093542958344117726 0.049423809217446033 0.010087962587026184 0.065485817223075019 -0.046386743200046959 0.040677185649163936 -0.036704857312880465 -0.033482424271330101 0.015674081383083887
leaf_weight=156.34238022565842 98.740646496415138 6.0972125977277765 11.674497961997986 13.958362609148024 12.078840643167496 85.442328602075577 13.546145468950272 8.32936182618141 6.8275860995054272 9.8079720288515073 9.6937302798032743 4.8740396201610556 23.770788997411728 14.216925382614134
leaf_count=703 403 27 53 62 52 377 56 37 28 42 40 20 102 59
internal_value=-0.0015109 -0.00504209 0.00254311 -0.0190536 -0.000387852 0.00636614 0.026971 0.00317726 0.00872129 0.00361461 -0.0106382 0.0147869 -0.0221768 0.0318348
internal_weight=475.401 376.66 220.318 32.1344 18.1761 188.183 25.2206 162.963 116.295 95.2503 46.6679 14.5678 32.1002 21.0445
internal_count=2061 1658 955 141 79 814 109 705 506 419 199 60 139 87
cat_boundaries=0 1 2
cat_threshold=2 1
is_linear=0
shrinkage=0.05


Tree=21
num_leaves=15
num_cat=2
split_feature=11 7 6 6 10 3 0 3 6 6 13 3 3 6
split_gain=8.3504 10.1002 6.28807 6.39221 5.96728 5.23939 7.43471 5.71862 5.52598 5.05544 4.46737 4.22095 5.95187 4.85453
threshold=0.55500000000000016 0 1.6872722030015566 1.809507986141748 9.1050000000000022 -0.00092281819999294945 1 -0.11445841473082817 2.0473303698461609 1.409010529737057 0.35000000000000003 0.036389180058548888 0.0031823723197321237 0.58313045456401058
decision_type=10 9 10 10 10 10 1 10 8 10 10 10 10 10
left_child=1 -1 4 -4 -2 6 7 -3 9 10 11 12 -7 -13
right_child=2 5 3 -5 -6 8 -8 -9 -10 -11 -12 13 -14 -15
leaf_value=-0.014233812798480072 -0.017253455819975835 -0.026218198830889251 0.076691095591624292 0.018606025294374967 0.01412071154703925 0.047143940658543049 -0.01799854805981833 0.017616265998517972 0.050969762588588423 -0.019144423772633007 0.040499762741243166 0.055605875721850752 -0.010377608431618592 0.010537002015384397
leaf_weight=154.20924085378647 25.821646869182587 9.1983126401901227 5.4712583124637595 35.272262379527092 36.690202847123146 5.0819797813892356 48.955691695213318 38.93355230987072 7.4512982666492453 16.407461613416672 11.244387477636336 7.2621797025203696 39.074772387742996 33.708744511008263
leaf_count=697 106 42 22 144 149 22 228 162 32 70 46 31 169 141
internal_value=-0.00145566 -0.00495138 0.0111224 0.026406 0.00116105 0.00218966 -0.00634908 0.00764986 0.00926689 0.00651159 0.0108796 0.00696707 -0.00375748 0.0185256
internal_weight=474.783 371.528 103.255 40.7435 62.5118 217.318 97.0876 48.1319 120.231 112.78 96.3721 85.1277 44.1568 40.9709
internal_count=2061 1640 421 166 255 943 432 204 511 479 409 363 191 172
cat_boundaries=0 1 2
cat_threshold=2 14
is_linear=0
shrinkage=0.05


Tree=22
num_leaves=15
num_cat=2
split_feature=11 7 4 5 6 1 8 5 5 6 5 5 6 5
split_gain=7.58618 9.15776 8.85168 6.35511 9.83004 4.2943 5.14159 4.85078 5.3426 4.85975 4.50547 6.86971 4.45026 4.11637
threshold=0.55500000000000016 0 -0.060571512676221261 0.013058026976387414 1.409010529737057 2.5000000000000004 1 0.024462462230125766 0.020604381092085424 0.53150765335483963 0.027903123038000337 0.036559497681088217 0.97730839980200634 0.0069061615233996588
decision_type=10 9 10 10 10 8 9 10 10 8 10 10 10 10
left_child=1 -1 -3 4 -2 6 -4 8 13 -9 -11 -12 -10 -7
right_child=3 2 5 -5 -6 7 -8 9 12 10 11 -13 -14 -15
leaf_value=-0.013622812998288126 -0.040709861595712132 -0.022293211332691073 0.0010604211892285837 0.017868118948509853 0.020083097958076661 0.034844585999745464 0.046279913813818054 0.030466963014473238 0.059044547099576052 -0.047742419107041495 0.014322818512039313 -0.033580301288967808 0.010020572707682035 0.00054738680390044032
leaf_weight=153.53549738228321 13.37922938168049 31.681460738182068 11.656553134322166 76.679903820157051 13.21971336007118 9.7342232763767225 13.644307464361191 6.2389606535434714 8.8220560997724551 9.1609086096286756 16.279032617807392 13.853417992591856 9.7402596324682218 86.401110172271729
leaf_count=697 55 140 53 312 54 42 56 27 38 40 69 59 42 377
internal_value=-0.00142116 -0.00475963 0.00203859 0.0105632 -0.0104957 0.00630339 0.0254465 0.00328063 0.00876197 -0.0105271 -0.0170361 -0.00770068 0.03332 0.00402016
internal_weight=474.027 370.748 217.212 103.279 26.5989 185.531 25.3009 160.23 114.698 45.5323 39.2934 30.1325 18.5623 96.1353
internal_count=2061 1640 943 421 109 803 109 694 499 195 168 128 80 419
cat_boundaries=0 1 2
cat_threshold=2 1
is_linear=0
shrinkage=0.05


Tree=23
num_leaves=15
num_cat=3
split_feature=0 7 7 6 6 1 10 6 1 10 6 6 6 12
split_gain=7.25987 7.04607 4.4221 6.09312 4.766 7.26544 4.70524 3.73057 3.78257 4.74898 3.40222 3.05196 3.54175 2.97432
threshold=0 1 2 0.99291331619381784 0.86153485946317854 2.5000000000000004 6.705000000000001 1.1690150096196992 4.5000000000000009 12.955000000000002 0.89929413627256571 2.4416939976286969 1.4031722528993771 4.0000000000000009
decision_type=1 9 9 10 10 10 8 10 8 8 10 10 8 8
left_child=1 -1 3 4 5 -2 -4 10 -9 -10 -8 12 -3 -5
right_child=2 11 6 13 -6 -7 7 8 9 -11 -12 -13 -14 -15
leaf_value=-0.014168948320944182 0.044353013466394198 0.0024376759110648237 -0.014143341387121172 0.0029737850393539004 -0.043609126922333416 -0.033595932973457636 0.027616955662485738 -0.01282249162864774 0.0073685512131675835 0.071916669659135554 0.083468291321386001 0.03109960732497969 -0.017505745078053629 0.023614034208156401
leaf_weight=131.19634404778481 5.4113632589578646 149.1246587485075 5.6582486033439636 79.217136606574059 11.561046496033667 6.6790943294763565 4.9333053082227725 5.5291466116905239 6.0961564481258392 5.3505310714244825 6.0959955304861069 7.9685072451829901 26.168145567178726 22.386627197265625
leaf_count=605 22 650 23 324 48 28 20 23 25 22 25 35 117 94
internal_value=-0.00136856 -0.00569369 0.00710117 0.00203812 -0.0206561 0.00129192 0.0211585 0.0358463 0.0211368 0.0375403 0.0584865 0.000792927 -0.000539528 0.00752151
internal_weight=473.376 314.458 158.919 125.255 23.6515 12.0905 33.6634 28.0051 16.9758 11.4467 11.0293 183.261 175.293 101.604
internal_count=2061 1407 654 516 98 50 138 115 70 47 45 802 767 418
cat_boundaries=0 1 2 3
cat_threshold=50 2 10
is_linear=0
shrinkage=0.05


Tree=24
num_leaves=15
num_cat=1
split_feature=1 7 6 6 10 5 1 6 1 12 12 6 1 5
split_gain=6.40279 6.8446 6.22768 6.87348 3.69634 3.68118 4.28978 4.07968 3.9424 3.61495 3.46061 3.17806 3.0853 3.34313
threshold=3.5000000000000004 0 1.0070601808177606 0.83811517474823793 41.015000000000008 0.012920806051177737 4.5000000000000009 0.60008907463170935 5.5000000000000009 3.5250000000000004 3.0100000000000002 0.45202903882044415 7.5000000000000009 0.013990303321766602
decision_type=10 9 10 10 10 10 10 10 8 10 10 10 10 10
left_child=4 -2 3 5 9 8 -7 11 -3 10 -1 -8 13 -4
right_child=1 2 12 -5 -6 6 7 -9 -10 -11 -12 -13 -14 -15
leaf_value=0.0019599045816314233 0.0020252033975733286 0.042473351353109506 -0.035807539196154252 -0.057239368013880888 0.041800150555109682 -0.06080369756158515 -0.011379888883368765 -0.00070524710450079961 -0.015437275793495376 0.023986729229893963 -0.037029886937792945 -0.071017170240784758 0.024807811388819795 0.00051854372265911104
leaf_weight=251.72808013856411 92.181159049272537 4.3564358800649616 8.9095161855220812 15.436315163969992 6.1508282572031012 7.5285110920667675 4.1196281462907809 14.226239785552023 9.0318928807973862 18.454930067062378 5.8226646631956092 4.8803386986255646 8.0333241373300535 21.907414734363556
leaf_count=1080 398 21 41 73 25 35 20 66 44 75 24 24 37 98
internal_value=-0.00131806 -0.00839755 -0.0166707 -0.0285203 0.00346449 -0.0184776 -0.0280043 -0.0173727 0.0034063 0.00261018 0.00107843 -0.0437189 -0.00278965 -0.00998373
internal_weight=472.767 190.611 98.4296 59.5794 282.157 44.143 30.7547 23.2262 13.3883 276.006 257.551 8.99997 38.8503 30.8169
internal_count=2061 857 459 283 1204 210 145 110 65 1179 1104 44 176 139
cat_boundaries=0 1
cat_threshold=9
is_linear=0
shrinkage=0.05


Tree=25
num_leaves=15
num_cat=1
split_feature=4 3 12 4 8 11 13 3 4 6 3 3 6 4
split_gain=6.27437 8.73952 9.36172 7.83086 6.69037 4.67176 4.79283 11.1983 4.59104 6.92098 4.1986 10.4209 9.6578 4.30712
threshold=0.028973069255989106 0.034955218993732558 3.9800000000000009 0.024522496347559385 0 0.74500000000000011 0.35000000000000003 -0.0037889315933091849 0.052391728092794958 0.87000006040894307 0.0094847643400382108 0.033120889614300958 0.83473293786061598 0.010235279054967567
decision_type=10 10 10 8 9 8 10 10 10 10 10 10 10 10
left_child=3 -2 8 4 10 -6 -7 -8 9 -3 13 12 -12 -1
right_child=1 2 -4 -5 5 6 7 -9 -10 -11 11 -13 -14 -15
leaf_value=-0.03653638863616214 -0.0026094741366002416 0.082826231382925983 0.085606244595920228 -0.045877046032407616 0.036017191365714483 -0.0038652833979398761 -0.014774065464188633 0.048887599384007469 0.0089199547635141763 0.014238080767950245 -0.011382481058305144 -0.034892304866560628 0.059882591124703788 0.012089663731452809
leaf_weight=28.77898545563221 119.41036047041416 5.6590240448713329 4.8068219423294059 11.272417888045309 9.553224101662634 134.49133782088757 13.034410849213602 14.696080580353735 76.433663636445999 10.506471186876295 10.670998692512514 15.326148033142088 8.5737909525632841 5.4100338071584693
leaf_count=150 515 24 20 50 39 578 57 60 320 45 51 72 40 26
internal_value=0.000222097 0.00645702 0.0175717 -0.00514643 -0.00323763 0.00203824 3.72189e-05 0.0189641 0.01404 0.0382486 -0.0164177 -0.00413082 0.020367 -0.0288419
internal_weight=468.624 216.816 97.406 251.807 240.535 171.775 162.222 27.7305 92.5992 16.1655 68.76 34.5709 19.2448 34.189
internal_count=2047 924 409 1123 1073 734 695 117 389 69 339 163 91 176
cat_boundaries=0 1
cat_threshold=1
is_linear=0
shrinkage=0.05


Tree=26
num_leaves=15
num_cat=1
split_feature=4 3 12 4 8 5 5 5 1 5 3 5 5 6
split_gain=5.67386 7.87582 8.67106 7.16899 6.09769 4.33641 4.98262 10.3657 4.35001 4.82015 11.1286 6.81519 4.52862 4.64942
threshold=0.028973069255989106 0.034955218993732558 3.9800000000000009 0.024522496347559385 0 0.0071158555905537499 0.008697790334818498 0.009639733471017849 4.5000000000000009 0.022900728964407365 0.0031823723197321237 0.014936364944342058 0.029843268605686705 0.73918048071241527
decision_type=10 10 10 8 9 10 10 10 8 10 10 10 10 8
left_child=3 5 -3 4 -1 -2 -7 -8 -9 10 -10 -12 -11 -14
right_child=1 2 -4 -5 -6 6 7 8 9 12 11 -13 13 -15
leaf_value=-0.015734191143581194 0.044733607434649415 0.013308812546261104 0.082730250355182319 -0.044121837618736691 0.0019360135275400267 -0.043322834988746818 0.059234999165485885 0.011466660920706619 0.024079987012045338 -0.05382835369289847 -0.044851045244506907 0.005985168158390116 -0.049645606155852395 0.011548283684212091
leaf_weight=68.218018874526024 4.6728316694498053 92.787208691239357 4.7272218763828269 11.1382540166378 171.72215004265308 7.6737609654664984 6.5693456381559363 27.232022523880005 21.464263722300529 11.011760279536249 16.111458942294124 11.159178033471106 4.8625911027193043 8.5827680677175522
leaf_count=339 20 389 20 50 734 33 28 117 93 48 70 48 21 37
internal_value=0.000208598 0.00613291 0.0166742 -0.00490818 -0.00308785 -0.0024805 -0.00440454 -0.00161324 -0.0055937 -0.0119412 -0.00285149 -0.0240488 -0.030054 -0.0105828
internal_weight=467.933 216.854 97.5144 251.078 239.94 119.34 114.667 106.993 100.424 73.192 48.7349 27.2706 24.4571 13.4454
internal_count=2047 924 409 1123 1073 515 495 462 434 317 211 118 106 58
cat_boundaries=0 1
cat_threshold=1
is_linear=0
shrinkage=0.05


Tree=27
num_leaves=15
num_cat=1
split_feature=3 3 13 6 7 5 3 3 4 4 1 3 1 5
split_gain=5.12854 8.76667 5.93336 5.13042 10.9559 7.01806 6.5003 6.23925 4.90689 3.81314 4.13239 6.84782 3.85102 3.76411
threshold=-0.0037889315933091849 -0.0074398898730914176 0.35000000000000003 1.0658766589606334 0 0.008697790334818498 0.062030345790715778 0.0065570528640551042 0.024522496347559385 -0.017936171942506792 3.5000000000000004 0.045538189072889333 2.5000000000000004 0.044025909434998255
decision_type=10 8 10 10 9 10 8 8 8 10 8 10 10 10
left_child=1 -1 3 4 9 -5 7 -6 -4 12 11 -11 -2 -7
right_child=2 -3 8 5 6 13 -8 -9 -10 10 -12 -13 -14 -15
leaf_value=-0.0030002258708628784 -0.075390391462598683 -0.042579132133216589 0.046108598270818771 -0.038269565139334494 0.062588978825354483 0.014568194831675894 0.063088002412471686 -0.0010679334077305625 -0.00035702491168974237 0.030420894727034284 -0.014925879639397977 -0.038007285614246017 -0.021362160131969236 -0.029309316621455691
leaf_weight=171.02135975658894 4.3308038413524654 15.237489730119703 14.769766971468924 7.1961557120084754 4.7228077054023752 110.30425423383713 7.7110167592763892 20.811875700950623 9.2339683771133441 13.490395218133928 64.542166873812675 5.0154000222682944 13.832422703504561 5.1144883185625067
leaf_count=763 21 69 60 32 20 467 32 88 38 57 290 21 68 21
internal_value=0.000196269 -0.0062381 0.0044601 0.00224026 -0.00450501 0.00963699 0.0175704 0.0107058 0.0282338 -0.0122791 -0.00895363 0.0118756 -0.0342445 0.0126239
internal_weight=467.334 186.259 281.076 257.072 134.457 122.615 33.2457 25.5347 24.0037 101.211 83.048 18.5058 18.1632 115.419
internal_count=2047 832 1215 1117 597 520 140 108 98 457 368 78 89 488
cat_boundaries=0 1
cat_threshold=10
is_linear=0
shrinkage=0.05


Tree=28
num_leaves=15
num_cat=1
split_feature=4 3 12 4 4 8 3 3 6 5 4 6 5 5
split_gain=4.92157 6.98377 7.96749 6.53895 5.56371 5.38318 4.09554 9.4843 9.78916 5.51525 4.09343 6.10009 4.63057 4.65098
threshold=0.028973069255989106 0.034955218993732558 3.9800000000000009 0.024522496347559385 0.019815094023537295 0 0.0094847643400382108 0.033120889614300958 0.82989859446134906 0.021806900064861027 0.052391728092794958 0.87000006040894307 0.017532470737175735 0.012629992346228016
decision_type=10 10 10 8 10 9 10 10 8 10 10 10 10 10
left_child=3 -2 10 4 5 6 -1 8 -8 -9 11 -3 13 -12
right_child=1 2 -4 -5 -6 -7 7 9 -10 -11 12 -13 -14 -15
leaf_value=-0.029573987618722281 -0.0024192737413243608 0.076641846587677157 0.079730822536943913 -0.042334306883408966 0.031347108340667174 0.00023487950455277184 -0.012013316067251149 -0.0099487729285256104 0.063167752855253737 -0.073666435059126165 -0.0067002128625865192 0.012609023063691445 -0.00046748243538230353 0.04161128898619381
leaf_weight=31.844069734215736 119.16423338651657 5.7467007786035564 4.6173519343137732 10.97380271553993 11.322596862912176 163.93011175096035 10.082869708538057 8.8332751393318159 7.5884569734334937 5.5174321085214606 7.2846793830394772 10.543078273534773 53.549508392810822 15.758516907691954
leaf_count=169 515 24 20 50 49 702 49 43 35 26 31 45 223 66
internal_value=0.000184501 0.00570062 0.0156248 -0.00459431 -0.00286232 -0.0045627 -0.016877 -0.0042506 0.0202711 -0.0344464 0.0124379 0.0351985 0.0075972 0.0263385
internal_weight=466.757 216.664 97.4998 250.093 239.119 227.796 63.8661 32.022 17.6713 14.3507 92.8825 16.2898 76.5927 23.0432
internal_count=2047 924 409 1123 1073 1024 322 153 84 69 389 69 320 97
cat_boundaries=0 1
cat_threshold=1
is_linear=0
shrinkage=0.05


Tree=29
num_leaves=15
num_cat=1
split_feature=10 3 3 10 10 6 7 12 5 5 6 10 3 3
split_gain=4.50856 6.40658 6.43415 5.83333 11.9135 5.7038 5.97876 6.96987 4.50582 6.23371 5.58607 4.40525 3.87891 3.77191
threshold=9.1050000000000022 -0.0030262162691306279 -0.0099157702238471378 13.265000000000002 22.170000000000005 4.8333355272777725 0 4.8600000000000012 0.0057371371065369188 0.008458947715329743 0.91168999688753838 6.5000000000000009 0.021830320694746073 -0.14535138972172065
decision_type=10 10 10 8 8 10 9 8 8 10 8 10 8 10
left_child=5 2 3 -2 -5 6 11 -8 -9 10 -10 -1 -13 -11
right_child=1 -3 -4 4 -6 -7 7 8 9 13 -12 12 -14 -15
leaf_value=-0.012365395843759787 0.040046719939433463 0.024930253214801704 -0.053092794925553168 -0.04902725049123495 0.042252155286327642 0.052915138637643959 -0.022118603694091295 0.055730387601678082 0.010901594572000323 -0.034452071026321016 -0.050380801771455423 -0.0037369458200380125 0.051506363864345796 0.0087301495207913922
leaf_weight=153.12913729250431 8.0915004909038526 40.019030377268791 5.7928404957056037 8.9766739010810834 5.9400478899478975 4.6941992044448844 24.705489680171013 4.4577395766973487 6.2424448877572987 5.2063833624124518 9.1972802579402924 8.2642288506031019 5.1624562442302695 176.22681795060635
leaf_count=709 33 164 24 37 24 20 102 19 27 25 42 34 21 766
internal_value=0.000173208 0.0119884 -0.00599429 0.00586383 -0.0126785 -0.00187348 -0.00252859 0.00282068 0.00602111 0.00489555 -0.0256037 -0.00939355 0.0175037 0.007491
internal_weight=466.106 68.8201 28.8011 23.0082 14.9167 397.286 392.592 226.036 201.331 196.873 15.4397 166.556 13.4267 181.433
internal_count=2047 282 118 94 61 1765 1745 981 879 860 69 764 55 791
cat_boundaries=0 1
cat_threshold=2
is_linear=0
shrinkage=0.05


Tree=30
num_leaves=15
num_cat=0
split_feature=3 6 10 9 6 6 1 5 10 12 10 3 6 6
split_gain=6.45873 5.44413 5.48361 4.48141 4.89851 8.27733 4.72084 4.69182 4.45143 5.88126 4.06656 4.33404 3.93163 7.01669
threshold=0.010181165348951334 0.31700350139578121 7.0500000000000007 0.38900000000000007 1.0898927026833058 0.65967902645091459 3.5000000000000004 0.0063939293862693243 6.0050000000000008 0.76500000000000012 6.3750000000000009 -0.041550572483635348 1.022998485256722 0.82989859446134906
decision_type=10 8 8 10 8 10 10 10 8 8 10 8 10 10
left_child=1 -1 10 4 5 -4 -7 -6 -2 -10 11 -3 13 -8
right_child=8 2 3 -5 7 6 12 -9 9 -11 -12 -13 -14 -15
leaf_value=0.051486288501098314 -0.040199025049934382 0.040882351328377239 -0.025609594260469767 0.029071541343826057 -0.064858428204356541 0.013747581966484724 0.0089470041299810153 -0.015884940950457775 0.044543027852376869 0.0050937690811373379 0.057480118908731719 -0.019538392862329886 0.032558979103261748 -0.042260820405454314
leaf_weight=4.0512648671865454 5.1310489475727081 4.929446667432785 30.601261168718338 7.4503183811902991 5.1513451337814322 53.51687416434288 12.737697407603269 96.606236159801483 9.9090824723243696 202.97609907388687 5.1193472146987906 7.4589449763298052 4.4996822178363791 14.088694870471953
leaf_count=20 21 20 144 33 24 234 61 423 40 880 21 31 20 67
internal_value=-0.000446595 -0.00599629 -0.00695795 -0.0090584 -0.0103663 -0.00331666 0.00472399 -0.0183642 0.00582081 0.00693 0.0199941 0.00450354 -0.0106917 -0.0179463
internal_weight=464.227 246.211 242.16 224.652 217.202 115.444 84.8429 101.758 218.016 212.885 17.5077 12.3884 31.3261 26.8264
internal_count=2039 1098 1078 1006 973 526 382 447 941 920 72 51 148 128
is_linear=0
shrinkage=0.05


Tree=31
num_leaves=15
num_cat=1
split_feature=3 6 8 6 6 6 5 1 5 12 11 11 5 12
split_gain=5.83828 4.83572 4.87886 4.91634 6.70454 4.84938 4.65755 5.16079 4.26471 6.19103 7.62073 5.51188 4.63296 4.54158
threshold=0.010181165348951334 0.31700350139578121 0 1.0794111866562128 1.3724477753761384 1.0115054357590059 0.014936364944342058 5.5000000000000009 0.018600928491416525 0.79500000000000015 3.1700000000000004 1.5750000000000004 0.013755224276268985 1.9700000000000002
decision_type=10 8 9 8 10 10 10 8 10 8 8 8 10 10
left_child=1 -1 -3 5 6 -4 -5 -8 11 -10 -11 -6 -13 -14
right_child=-2 2 3 4 8 -7 7 -9 9 10 -12 12 13 -15
leaf_value=0.047906620851252475 0.0055251078210807446 -0.021952962093184959 0.00072740214328431826 -0.046557495865712582 0.045836756027626657 0.034544246607137792 -0.033077146227902608 0.014678222806062766 -0.056020118924808238 0.030781274835553308 -0.02150013720433221 -0.021886180264492107 0.051394835317149314 -0.011264908953685482
leaf_weight=4.1340474635362616 218.19539049267769 42.758802339434624 76.546714812517166 17.022086545825005 8.8396565020084363 12.30556946992874 12.843825623393061 10.11087381839752 6.7354685366153717 10.76856407523155 19.760466247797016 12.218375727534296 6.2089199125766736 5.4128543734550476
leaf_count=20 941 221 333 76 36 53 56 43 28 44 87 53 26 22
internal_value=-0.000426966 -0.00571347 -0.00663123 -0.00333532 -0.0104051 0.00541086 -0.0267388 -0.0120423 -0.0010695 -0.0126314 -0.00305881 0.0121145 -0.000389363 0.022211
internal_weight=463.862 245.666 241.532 198.773 109.921 88.8523 39.9768 22.9547 69.9443 37.2645 30.529 32.6798 23.8402 11.6218
internal_count=2039 1098 1078 857 471 386 175 99 296 159 131 137 101 48
cat_boundaries=0 1
cat_threshold=1
is_linear=0
shrinkage=0.05


Tree=32
num_leaves=15
num_cat=0
split_feature=3 5 5 5 5 4 4 4 6 4 4 6 6 11
split_gain=5.32036 6.24203 6.11548 4.68189 4.86971 3.98849 3.93393 5.1414 3.24534 3.14123 3.67331 7.85278 4.28662 3.66666
threshold=0.05321868555220241 0.016391961484340453 0.029357190584631324 0.060100255625010916 0.037516968255108411 -0.10503623535068596 -0.072872586285028476 -0.068465418670133157 0.80702072632906707 0.10191600147325096 0.076668727391507263 1.3509867973762402 3.5669237829026375 0.57500000000000007
decision_type=10 10 10 10 8 10 10 10 10 10 10 10 10 10
left_child=3 -2 -3 4 5 -1 -7 -8 -4 10 12 -12 -9 -11
right_child=1 2 8 -5 -6 6 7 9 -10 13 11 -13 -14 -15
leaf_value=0.020295337920245113 0.047672427235272749 -0.0074794036586724819 0.060698181164198908 0.03862702618390651 -0.024942042859427558 -0.026437332039831063 0.0578813502640168 -0.0017952865687822614 0.015567172824124493 0.0027483724845222897 -0.043265593164148887 0.028816516257044334 -0.037313145716700045 0.040413240199262172
leaf_weight=18.851179361343384 10.288765609264372 38.255196154117584 4.678349822759631 6.6829971820116034 24.941072046756744 17.475826904177666 3.5365543961524954 242.25899305939674 26.8142329454422 32.596575245261192 15.103448420763018 5.0390013158321372 8.8036769628524763 8.0591177195310575
leaf_count=81 44 163 20 29 112 77 16 1088 111 140 66 21 38 33
internal_value=-0.000408502 0.0113167 0.00595378 -0.00285653 -0.00359256 -0.00207865 -0.00334572 -0.00206624 0.0222716 -0.00274606 -0.00468896 -0.0252329 -0.00304074 0.0102146
internal_weight=463.385 80.0365 69.7478 383.348 376.665 351.724 332.873 315.397 31.4926 311.861 271.205 20.1424 251.063 40.6557
internal_count=2039 338 294 1701 1672 1560 1479 1402 131 1386 1213 87 1126 173
is_linear=0
shrinkage=0.05


Tree=33
num_leaves=15
num_cat=0
split_feature=3 10 6 10 12 9 6 6 5 1 10 10 6 6
split_gain=5.01176 4.22339 4.66399 4.10863 5.25605 3.92117 4.13032 7.27309 4.28246 4.05763 3.52596 4.16543 3.44457 6.52956
threshold=0.010181165348951334 7.0500000000000007 0.31700350139578121 6.0050000000000008 0.76500000000000012 0.38900000000000007 1.0898927026833058 0.65967902645091459 0.0063939293862693243 3.5000000000000004 6.3750000000000009 5.4150000000000009 1.0193540918756956 0.82989859446134906
decision_type=10 8 8 8 8 10 8 10 10 10 10 8 8 10
left_child=1 10 -3 -2 -5 6 7 -4 -8 -9 11 -1 13 -11
right_child=3 2 5 4 -6 -7 8 9 -10 12 -12 -13 -14 -15
leaf_value=0.035906089793774361 -0.039139065256659458 0.04507021947268245 -0.023958627461985915 0.041775204254223611 0.004448618652603699 0.027417166410797306 -0.062099502589604366 0.012958509075040535 -0.014400273990389534 0.0092238682302703042 0.053063423084201138 -0.022384427228215719 0.030510435513703305 -0.04046044381397914
leaf_weight=5.5755627453327179 5.1213444024324417 4.2001451551914206 30.152945324778557 9.8898439109325391 203.32629570364952 7.5042552649974814 4.9490173757076255 53.666775092482567 95.651689797639847 12.699687406420713 5.1591532826423636 6.8059734106063861 4.5351340025663367 13.796936690807341
leaf_count=23 21 20 144 40 880 33 24 234 423 61 21 28 20 67
internal_value=-0.000389949 -0.00530364 -0.00712899 0.00511697 0.00617998 -0.00811234 -0.00934985 -0.00287069 -0.0167468 0.00463668 0.0183352 0.00386453 -0.0097552 -0.016647
internal_weight=463.035 244.697 227.157 218.337 213.216 222.956 215.452 114.851 100.601 84.6985 17.5407 12.3815 31.0318 26.4966
internal_count=2039 1098 1026 941 920 1006 973 526 447 382 72 51 148 128
is_linear=0
shrinkage=0.05


Tree=34
num_leaves=15
num_cat=0
split_feature=3 5 5 5 4 13 3 3 11 4 4 11 11 5
split_gain=4.56345 5.60374 5.52194 4.25352 4.75308 3.77824 4.66761 3.69034 3.37807 5.90041 4.72534 3.53968 3.35155 4.14891
threshold=0.05321868555220241 0.016391961484340453 0.029357190584631324 0.060100255625010916 0.30878550744622185 0.35000000000000003 -0.018398889602084991 -0.12839706918685134 1.5750000000000004 -0.028435642276422722 0.046349565662529534 0.89000000000000012 2.0850000000000004 0.014884003013694127
decision_type=10 10 10 10 8 8 10 10 8 10 10 8 8 10
left_child=3 -2 -3 4 5 6 -1 -7 9 11 -11 -9 13 -10
right_child=1 2 -4 -5 -6 7 -8 8 12 10 -12 -13 -14 -15
leaf_value=0.014020548367381126 0.044873076863562962 -0.0073856614176884584 0.020867079084895993 0.036767642742286923 -0.075045242734823728 -0.029992047780419556 -0.035870948781391722 0.011281558967554464 -0.056645640859179697 -0.022243297057451612 0.020960886937262342 0.06327936921265101 -0.0013125229271454691 -0.0012649107441704661
leaf_weight=6.44661816954613 10.316657111048697 38.234500050544739 31.578505456447601 6.7250259369611731 2.2976586967706671 11.084699958562849 17.184113621711731 5.8720628917217255 6.2543636262416822 12.811704933643343 12.507140606641768 7.3942424356937391 286.54225692152977 7.3634283095598221
leaf_count=31 44 163 131 29 11 52 84 24 26 53 51 30 1280 30
internal_value=-0.000372868 0.0104768 0.0053939 -0.00264586 -0.00335125 -0.00291017 -0.0222602 -0.00160309 -0.000674119 0.0132521 -0.00090106 0.0402636 -0.00246432 -0.0267001
internal_weight=462.613 80.1297 69.813 382.483 375.758 373.461 23.6307 349.83 338.745 38.5852 25.3188 13.2663 300.16 13.6178
internal_count=2039 338 294 1701 1672 1661 115 1546 1494 158 104 54 1336 56
is_linear=0
shrinkage=0.05


Tree=35
num_leaves=15
num_cat=1
split_feature=7 3 13 3 5 5 5 5 5 5 4 5 3 5
split_gain=3.91756 4.02016 3.65092 11.7659 5.74469 4.06795 3.43881 4.5061 3.37673 5.29986 3.30998 3.30046 3.02387 3.96786
threshold=0 -0.10690957020170476 0.35000000000000003 -0.0037889315933091849 0.0088133175317399708 0.0094981158613379017 0.029843268605686705 0.037516968255108411 0.010937683269071619 0.011902017134430849 0.015492678972992632 0.0091394266338429928 0.0040937004619106933 0.0088133175317399708
decision_type=9 10 10 10 10 10 10 10 10 10 8 8 8 10
left_child=2 -2 4 -4 -1 -6 11 -8 10 -10 -7 -3 -5 -14
right_child=1 6 3 12 5 8 7 -9 9 -11 -12 -13 13 -15
leaf_value=-0.029374331990506188 -0.026716515976458511 0.038590503566645208 -0.023897865346658369 0.066030136641010581 0.027359081039857954 -0.049413514950430892 0.046430887851131669 0.0036682336543127146 0.027672063547512379 -0.0047846527230188405 -0.0073974033469571335 0.0013270539728080484 0.00072929895130126841 0.056468480206439159
leaf_weight=23.196252748370171 7.8422464579343787 6.5613682121038428 13.396667778491972 6.1465112268924731 10.279216870665548 8.0194656699895841 13.245250612497331 11.517081320285795 13.216394960880278 260.19152665138245 11.28152556717396 62.971583634614944 7.7904947847127897 5.4100587218999863
leaf_count=108 36 29 61 25 45 39 56 48 60 1155 50 270 32 22
internal_value=-0.00125296 0.0069958 -0.00369228 0.0121209 -0.00539287 -0.00355689 0.0105415 0.0265418 -0.00464258 -0.00321571 -0.0248549 0.00484336 0.0370617 0.0235732
internal_weight=461.066 102.138 358.928 32.7437 326.184 302.988 94.2953 24.7623 292.709 273.408 19.301 69.533 19.3471 13.2006
internal_count=2036 439 1597 140 1457 1349 403 104 1304 1215 89 299 79 54
cat_boundaries=0 1
cat_threshold=10
is_linear=0
shrinkage=0.05


Tree=36
num_leaves=15
num_cat=1
split_feature=4 4 4 7 3 4 5 5 6 6 5 5 4 4
split_gain=3.84792 6.23684 4.32306 4.09039 4.6775 3.67825 4.12117 4.0023 3.98562 6.7301 3.67084 3.83157 3.6509 4.73655
threshold=0.30878550744622185 0.17333670038640955 0.1653823328646821 0 0.067339231682246051 0.10989586683708717 0.021436077920623905 0.030274888576649433 1.5549136034228102 1.1268414102880506 0.009205824185607123 0.013755224276268985 0.16187326269440441 0.1332357644195393
decision_type=8 10 8 9 10 8 10 10 10 10 10 10 8 10
left_child=1 2 3 12 5 6 8 -8 9 10 -5 -12 13 -1
right_child=-2 -3 -4 4 -6 -7 7 -9 -10 -11 11 -13 -14 -15
leaf_value=-0.0036327451280345488 -0.030203648000942253 0.019856557154824039 -0.052403445071802918 0.059037451786851547 0.041675039763585893 0.043449235293159527 -0.03069120355840721 0.0052028354475502601 0.04226360681223286 -0.025141728188585968 -0.020976281345488249 0.0264519962270604 0.065784560629155123 -0.036088888012289315
leaf_weight=306.19608311355114 11.153593882918356 34.803677812218666 4.2408573478460303 4.7623617500066784 9.2903977781534177 5.5677485167980185 15.446925088763239 15.618543058633803 8.3292045146226865 12.870825633406637 6.546524956822398 12.18328647315502 1.8413256257772435 11.669503271579741
leaf_count=1375 48 147 18 20 39 23 68 68 35 55 29 53 8 50
internal_value=-0.00119337 -0.000473313 -0.00218006 -0.00166098 0.00726331 0.00422532 0.00134259 -0.012645 0.0110654 0.00391919 0.019841 0.00987466 -0.00428363 -0.00482428
internal_weight=460.521 449.367 414.564 410.323 90.6158 81.3254 75.7577 31.0655 44.6922 36.363 23.4922 18.7298 319.707 317.866
internal_count=2036 1988 1841 1823 390 351 328 136 192 157 102 82 1433 1425
cat_boundaries=0 1
cat_threshold=10
is_linear=0
shrinkage=0.05


Tree=37
num_leaves=15
num_cat=1
split_feature=3 3 7 3 4 4 4 4 3 5 5 13 3 5
split_gain=3.5934 6.89512 4.40695 5.39456 4.74083 8.15502 5.82612 6.70569 4.65683 4.11932 3.52838 3.51464 9.92247 4.86349
threshold=-0.082318383420725547 -0.07773568497671958 0 -0.067111592334096262 -0.10503623535068596 -0.072872586285028476 -0.064936061231871359 -0.055140427347580574 -0.04597878154720856 0.060100255625010916 0.02354782955222438 0.35000000000000003 -0.0037889315933091849 0.0088133175317399708
decision_type=10 10 9 10 10 10 10 10 10 8 10 10 10 10
left_child=9 -2 3 -3 -5 -6 -7 -8 -4 10 -1 13 -13 -9
right_child=1 2 8 4 5 6 7 11 -10 -11 -12 12 -14 -15
leaf_value=0.0077056927786579776 0.057591735289215067 -0.046480021401493612 0.047105140952494358 0.039751590536052928 -0.051022785060827407 0.059412380272659174 -0.053690585553736125 -0.026007827550337138 0.0062565013262825507 0.028468719220375839 -0.030668471709975467 -0.020241041102053027 0.036840458304481877 -0.0014162054950548368
leaf_weight=7.7821273654699317 5.1688519120216361 7.0827099680900565 7.6275389641523352 6.5455391854047766 8.6830675452947599 3.8282011747360221 6.3030527383089057 21.936123415827751 81.82015286386013 4.6275012493133536 26.013886332511902 12.641653627157213 19.139946326613426 240.91156598925591
leaf_count=34 22 31 32 29 39 17 30 103 350 21 122 58 78 1070
internal_value=-0.00113597 0.000197836 -0.000514401 -0.00322027 -0.00236339 -0.00324286 -0.00188154 -0.00266127 0.00876043 -0.0157742 -0.0218321 -0.00156959 0.0141354 -0.00346852
internal_weight=460.112 421.688 416.52 327.072 319.989 313.444 304.761 300.932 89.4477 38.4235 33.796 294.629 31.7816 262.848
internal_count=2036 1859 1837 1455 1424 1395 1356 1339 382 177 156 1309 136 1173
cat_boundaries=0 1
cat_threshold=10
is_linear=0
shrinkage=0.05


Tree=38
num_leaves=15
num_cat=1
split_feature=4 4 4 7 3 13 3 5 5 6 5 6 5 5
split_gain=3.53265 5.5751 3.95199 3.3481 4.23993 3.32861 9.59315 4.43039 3.92915 3.64843 6.73434 7.8722 6.34277 5.4296
threshold=0.30878550744622185 0.17333670038640955 0.1653823328646821 0 0.067339231682246051 0.35000000000000003 -0.0037889315933091849 0.0088133175317399708 0.0094981158613379017 1.0070601808177606 0.0193645811055955 1.0794111866562128 0.011150093254144565 0.013755224276268985
decision_type=8 10 8 9 10 10 10 10 10 10 10 10 10 10
left_child=1 2 3 5 -5 7 -7 -1 -9 12 11 -11 -10 -13
right_child=-2 -3 -4 4 -6 6 -8 8 9 10 -12 13 -14 -15
leaf_value=-0.026924081664462304 -0.028960241131956943 0.018806241157368349 -0.050259410256348148 0.0036223294094819207 0.039275674489015727 -0.021812818911684018 0.033453876408766535 0.026331400662700295 -0.049595344999221823 0.068790050777451067 -0.011871797250234482 -0.010017437581518808 -0.0080722180157720667 0.018074759849960754
leaf_weight=22.727467477321625 11.089982882142065 34.869314461946487 4.2012691348791114 81.355972707271576 9.2909921705722791 13.177594363689421 19.428245827555656 10.316262438893316 10.072677507996557 5.36069332063198 61.786091595888138 30.30997808277607 105.76983988285065 39.767759844660759
leaf_count=108 48 147 18 351 39 61 79 45 49 24 270 134 492 171
internal_value=-0.00108299 -0.000393569 -0.00201238 -0.00151723 0.00655368 -0.00389608 0.0111179 -0.00574328 -0.00391558 -0.0051486 0.000367389 0.0103916 -0.0116827 0.00592434
internal_weight=459.524 448.434 413.565 409.364 90.647 318.717 32.6058 286.111 263.383 253.067 137.225 75.4384 115.843 70.0777
internal_count=2036 1988 1841 1823 390 1433 140 1293 1185 1140 599 329 541 305
cat_boundaries=0 1
cat_threshold=10
is_linear=0
shrinkage=0.05


Tree=39
num_leaves=15
num_cat=1
split_feature=4 4 8 5 5 5 5 13 4 5 5 5 4 5
split_gain=3.21035 5.03081 3.38001 3.94455 3.82308 5.3309 3.68364 3.57528 3.4339 2.89832 2.80956 2.72445 4.24892 4.04491
threshold=0.30878550744622185 0.21518306533278111 0 0.027201055736923621 0.024137718977534816 0.021806900064861027 0.030651283625959671 0.35000000000000003 -0.014469968319487216 0.033015816849457695 0.020367826429403248 0.016733732046435908 -0.087671165301316037 0.017791358433533137
decision_type=8 10 9 10 10 8 10 8 10 10 8 10 10 10
left_child=1 2 3 4 5 8 -5 -4 -1 -3 -10 12 -9 -13
right_child=-2 9 7 6 -6 -7 -8 11 10 -11 -12 13 -14 -15
leaf_value=-0.022266003074124449 -0.027695336202640919 0.046032146278787274 -0.016626856508907904 -0.055095954862154566 0.023118139624508167 -0.047812939663047449 -0.009836019919983046 -0.037229512434749396 -0.0016580353322569246 0.0052367541538756767 0.037043895608314281 -0.032445630157464753 0.009700192241565363 0.0003991515814363853
leaf_weight=19.964992955327034 11.018513932824133 8.8513223826885241 25.744189873337746 8.1604027003049868 10.902472645044325 7.7690947353839865 10.010423094034193 5.0074459016323081 52.855538353323936 8.5683200955390912 5.145902380347251 10.027448505163191 130.98417876660824 143.80271209776402
leaf_count=108 48 37 126 40 53 38 47 21 253 36 23 42 551 613
internal_value=-0.00103251 -0.000376443 -0.00144266 -0.00878886 -0.00477008 -0.00831646 -0.030162 0.00123003 -0.00438077 0.0259658 0.00177561 0.00281621 0.00797216 -0.00174184
internal_weight=458.813 447.794 430.375 114.809 96.638 85.7355 18.1708 315.566 77.9664 17.4196 58.0014 289.822 135.992 153.83
internal_count=2036 1988 1915 562 475 422 87 1353 384 73 276 1227 572 655
cat_boundaries=0 1
cat_threshold=1
is_linear=0
shrinkage=0.05


Tree=40
num_leaves=15
num_cat=1
split_feature=10 6 7 10 10 10 5 5 5 1 5 5 5 5
split_gain=3.96272 7.05336 4.22591 3.89525 3.76983 3.57776 3.40587 3.6613 3.52632 5.19313 3.01998 2.99101 10.3491 4.44655
threshold=9.7950000000000017 3.2085728037118639 0 8.2200000000000006 7.0500000000000007 6.0050000000000008 0.024700615553300661 0.028148379171526829 0.019098663681308064 1.5000000000000002 0.026587787661182968 0.029357190584631324 0.032312214924034181 0.035606432795788949
decision_type=10 10 9 10 8 8 8 10 10 10 8 10 10 10
left_child=2 -2 4 6 5 -1 8 10 -4 -10 -8 -6 -13 -14
right_child=1 -3 3 -5 11 -7 7 -9 9 -11 -12 12 13 -15
leaf_value=-0.0036441533783099799 0.018394401782409656 -0.034140017972004194 0.0039424781880616428 -0.036920651658362669 -0.013017485012991728 0.048462305917092052 -0.0090854587770270064 0.0012878110350382848 -0.003577307859144019 0.033888390884075352 -0.054042010058134894 0.060516642559644278 -0.046798595916912794 0.0017986975296825449
leaf_weight=7.9783588647842407 55.00385408103466 7.228935331106185 114.1401908993721 5.8892886489629737 126.20752336084843 5.6112860739231092 10.078507810831072 57.426847502589226 14.0807778686285 26.954733207821846 5.9356049150228491 6.480838060379031 6.2772839516401318 18.815553575754166
leaf_count=33 227 30 502 25 598 23 45 248 61 117 27 29 28 85
internal_value=0.000543576 0.012292 -0.00125781 0.00309708 -0.00698993 0.0178711 0.00426343 -0.00460758 0.00846187 0.0210325 -0.0257485 -0.00957421 0.00418938 -0.0103585
internal_weight=468.11 62.2328 405.877 234.506 171.371 13.5896 228.617 73.441 155.176 41.0355 16.0141 157.781 31.5737 25.0928
internal_count=2078 257 1821 1025 796 56 1000 320 680 178 72 740 142 113
cat_boundaries=0 1
cat_threshold=2
is_linear=0
shrinkage=0.05


Tree=41
num_leaves=15
num_cat=1
split_feature=10 7 6 5 3 3 5 5 5 3 3 5 5 6
split_gain=3.73715 3.2641 4.91469 4.59576 4.66252 4.24502 4.12396 6.75719 5.1745 4.35954 5.14433 5.96109 5.07289 4.52275
threshold=41.015000000000008 0 1.2094910688144489 0.0089041932277771838 -0.015426404485793263 -0.11445841473082817 0.0097707928762912049 0.0063939293862693243 0.024462462230125766 -0.0046909844629409126 0.026109152041987892 0.015000466244685892 0.017791358433533137 0.86153485946317854
decision_type=10 9 10 10 8 10 10 10 10 10 10 10 8 10
left_child=1 2 6 -4 -5 -3 7 -1 9 -8 12 13 -11 -12
right_child=-2 5 3 4 -6 -7 8 -9 -10 10 11 -13 -14 -15
leaf_value=-0.037247784338120336 0.035130037186888605 -0.026204758653768551 -0.036984817826178899 -0.0095715439104217415 0.016482411669867716 0.0050967324732443704 -0.045360929684355213 0.023511777593442348 0.0010121701588332002 -0.010603981298569404 0.037848886799583439 -0.053440402872674132 0.049431406605401185 -0.030374278329650596
leaf_weight=6.243505313992503 7.6695789545774451 11.326562292873858 6.2181592285633078 25.895704567432404 50.971285983920097 247.8289121389389 17.605004116892815 17.132152631878853 29.921661540865898 18.459618866443638 4.0516104251146334 13.983922928571699 4.3473673164844504 6.0669157356023788
leaf_count=28 32 54 29 114 218 1072 89 78 139 91 20 67 20 27
internal_value=0.000515056 -6.20134e-05 -0.00471717 0.00436047 0.0077051 0.00359015 -0.0115195 0.00728324 -0.0161737 -0.0241444 -0.0161819 -0.0322887 0.0008397 -0.00305669
internal_weight=467.722 460.052 200.897 83.0851 76.867 259.155 117.812 23.3757 94.4361 64.5144 46.9094 24.1024 22.807 10.1185
internal_count=2078 2046 920 361 332 1126 559 106 453 314 225 114 111 47
cat_boundaries=0 1
cat_threshold=2
is_linear=0
shrinkage=0.05


Tree=42
num_leaves=15
num_cat=2
split_feature=4 4 3 3 10 7 4 4 11 3 4 0 3 4
split_gain=5.76243 4.20055 6.9974 4.65707 3.24112 2.84724 5.37809 6.69606 3.71025 3.19566 2.65588 2.59698 5.67168 4.15882
threshold=0.40749362726401606 0.17333670038640955 0.0098144496464985121 0.0399759393447668 41.015000000000008 0 0.1332357644195393 0.1170092681375728 0.8650000000000001 -0.11445841473082817 -0.10020038629537781 1 -0.0037889315933091849 -0.060571512676221261
decision_type=8 10 10 8 10 9 10 8 8 10 10 1 10 10
left_child=1 4 -3 -4 5 6 7 8 -1 10 -7 12 -11 -13
right_child=-2 2 3 -5 -6 9 -8 -9 -10 11 -12 13 -14 -15
leaf_value=0.020296355865410867 -0.052604646250886081 -0.026537158803933543 0.07237782727723395 0.018967377703576909 0.03403335634312972 0.0052729631759475728 -0.041387620467306832 0.063078343419647867 -0.0073636571612929556 -0.012184906366994767 -0.046428750899866991 -0.010369985344480574 0.0074744662829374685 0.019178982168428702
leaf_weight=13.165551662445067 5.0555267781019202 7.5146227777004233 4.8231658488512048 26.534877210855484 6.7344648689031592 4.2953737825155258 10.024579226970671 3.6727744787931433 153.21780668199062 59.063323169946671 5.8899543136358243 15.178696870803831 96.837298199534416 55.255098164081573
leaf_count=54 22 33 20 111 28 20 45 16 718 274 29 64 417 227
internal_value=0.000487128 0.00106783 0.0167977 0.0271824 -0.000376556 -0.000932802 -0.00549373 -0.00370088 -0.00517498 0.00265961 -0.024625 0.00400496 2.48707e-05 0.0112183
internal_weight=467.263 462.208 38.8727 31.358 423.335 416.6 180.081 170.056 166.383 236.52 10.1853 226.334 155.901 70.4338
internal_count=2078 2056 164 131 1892 1864 833 788 772 1031 49 982 691 291
cat_boundaries=0 1 2
cat_threshold=2 49
is_linear=0
shrinkage=0.05


Tree=43
num_leaves=15
num_cat=1
split_feature=4 4 3 3 10 7 4 4 6 3 3 12 5 3
split_gain=5.26771 3.79073 6.31616 4.1603 2.93584 2.5739 4.91128 5.98368 4.04926 6.01742 5.70783 4.73399 4.21157 3.73815
threshold=0.40749362726401606 0.17333670038640955 0.0098144496464985121 0.0399759393447668 41.015000000000008 0 0.1332357644195393 0.1170092681375728 1.2403859640697987 0.026109152041987892 0.024005579524184414 0.6150000000000001 0.015000466244685892 -0.07773568497671958
decision_type=8 10 10 8 10 9 10 8 10 10 10 8 10 10
left_child=1 4 -3 -4 5 6 7 8 9 -1 11 -10 -11 -13
right_child=-2 2 3 -5 -6 -7 -8 -9 10 12 -12 13 -14 -15
leaf_value=-0.0043169251436964186 -0.050622906436770171 -0.025396991513832734 0.068362632673816967 0.018004154058832308 0.032447936748129062 0.0025266445473946055 -0.039697829893041242 0.059247683344322316 0.038618040267829161 -0.011083646536329775 0.025984461666782067 0.024422520673607472 -0.052738609439216447 -0.017920277340473311
leaf_weight=75.243393555283546 4.9923810437321654 7.4607814699411383 4.8503557741642007 26.556190699338913 6.7109395861625663 236.40452173352242 9.9311344325542432 3.7136131823062888 5.3765969723463058 11.574333712458612 21.275925740599632 6.1671753525733939 12.75526377558708 33.668425843119621
leaf_count=365 22 33 20 111 28 1031 45 16 22 53 91 28 64 149
internal_value=0.000461884 0.00101428 0.0159574 0.0257814 -0.000359353 -0.000888462 -0.0052306 -0.00352249 -0.00492622 -0.0113063 0.00462861 -0.00542101 -0.0329221 -0.0113649
internal_weight=466.681 461.689 38.8673 31.4065 422.821 416.11 179.706 169.775 166.061 99.573 66.4881 45.2122 24.3296 39.8356
internal_count=2078 2056 164 131 1892 1864 833 788 772 482 290 199 117 177
cat_boundaries=0 1
cat_threshold=2
is_linear=0
shrinkage=0.05


Tree=44
num_leaves=15
num_cat=1
split_feature=10 3 10 10 6 11 3 11 7 10 6 3 3 10
split_gain=3.08904 6.3762 6.13953 6.6971 4.40844 5.86543 3.80534 2.97402 3.2333 3.45806 2.67994 2.48623 2.39528 2.3263
threshold=9.7950000000000017 -0.0034841721099189548 17.110000000000003 13.470000000000002 1.2865416767396096 0.68500000000000016 0.035713645249425968 2.7050000000000005 0 7.1550000000000002 1.5170247342083958 -0.10987520828163218 -0.11445841473082817 17.835000000000004
decision_type=10 10 8 8 10 10 10 10 9 8 10 10 10 8
left_child=7 2 3 -2 13 -6 -7 8 9 10 -1 -11 -10 -3
right_child=1 4 -4 -5 5 6 -8 -9 12 11 -12 -13 -14 -15
leaf_value=-0.0057383598024578764 0.0034283365926122931 0.022271406670146997 0.020553673892879445 -0.06416394956566944 -0.0077347765744251035 0.081125848345478591 0.030772352235760247 -0.023069886441870562 -0.019824189302136291 0.024805839446211564 0.04407547928048576 -0.0090596401403492625 0.0047725671290725627 -0.014956388966305651
leaf_weight=4.9607373625040037 7.5327632278203964 9.2370226830244047 10.552367448806764 7.1365381032228452 4.8469602763652828 7.3804833889007551 7.6321371644735336 14.908824548125265 10.372166730463503 5.6286278218030921 5.92463418841362 145.93127121031284 216.4360890686512 7.6897804737091091
leaf_count=21 31 38 43 30 20 30 33 62 51 27 24 695 941 32
internal_value=0.00044024 0.0108314 -0.0085321 -0.029455 0.0241075 0.0400873 0.0555271 -0.00115401 -0.000314606 -0.00550782 0.0213741 -0.00780194 0.0034937 0.00535896
internal_weight=466.17 62.0081 25.2217 14.6693 36.7864 19.8596 15.0126 404.162 389.254 162.445 10.8854 151.56 226.808 16.9268
internal_count=2078 257 104 61 153 83 63 1821 1759 767 45 722 992 70
cat_boundaries=0 1
cat_threshold=2
is_linear=0
shrinkage=0.05


Tree=45
num_leaves=15
num_cat=0
split_feature=1 4 3 3 9 4 3 3 6 3 3 5 6 6
split_gain=5.01475 6.25813 6.8223 4.49496 4.42949 3.69296 3.48768 4.45888 4.55187 3.17685 3.32825 3.42409 3.17028 2.84549
threshold=3.5000000000000004 0.17333670038640955 0.096480478942049613 0.096480478942049613 0.87550000000000006 0.0327108477695928 0.034955218993732558 0.019660505184355175 0.9481399877795077 0.02236318027644241 0.016222507538035759 0.013433951637216904 0.49543182965922034 0.75120089733361384
decision_type=10 10 10 8 10 10 10 10 10 10 8 10 10 10
left_child=1 3 -3 12 5 6 7 -2 -9 10 11 -7 -1 -11
right_child=4 2 -4 -5 -6 9 -8 8 -10 13 -12 -13 -14 -15
leaf_value=0.038895795677554822 -0.01730997988467059 0.061765693647748934 -0.0076630659537416925 -0.044558452774201632 0.035655962664093897 0.021472160946689869 -0.037767959083138541 -0.010637092408064767 0.052621162511220766 0.024365173453792098 -0.049428576998234879 -0.015250715492161277 0.0021758187377845374 -0.00078347397061066879
leaf_weight=6.0227579027414313 52.268031984567642 9.2953382134437543 5.7129024118185034 5.0561871081590644 5.9662426263093939 8.2092397361993772 15.16855578124523 6.5073545277118665 5.0512026250362396 15.208408594131468 5.276682808995246 27.991664171218872 244.63570562005043 43.190759837627411
leaf_count=28 264 40 24 22 26 38 71 32 23 66 24 127 1062 184
internal_value=-0.000376359 0.0039583 0.0353376 0.00211661 -0.00672511 -0.00813872 -0.016217 -0.0110953 0.0170074 -0.00174941 -0.0123306 -0.00692311 0.00305812 0.00576578
internal_weight=455.561 270.723 15.0082 255.715 184.838 178.872 78.9951 63.8266 11.5586 99.8768 41.4776 36.2009 250.658 58.3992
internal_count=2031 1176 64 1112 855 829 390 319 55 439 189 165 1090 250
is_linear=0
shrinkage=0.05


Tree=46
num_leaves=15
num_cat=1
split_feature=1 4 3 3 9 4 3 3 6 3 3 5 4 8
split_gain=4.53726 5.65825 6.17547 4.07658 3.97962 3.36821 3.21141 4.043 4.02981 2.87597 3.07156 3.17086 4.05149 3.4148
threshold=3.5000000000000004 0.17333670038640955 0.096480478942049613 0.096480478942049613 0.87550000000000006 0.0327108477695928 0.034955218993732558 0.019660505184355175 0.9481399877795077 0.02236318027644241 0.016222507538035759 0.022672942267915119 0.088515087474934279 0
decision_type=10 10 10 8 10 10 10 10 10 10 8 10 8 9
left_child=1 3 -3 -1 5 6 7 -2 -9 10 11 13 -13 -7
right_child=4 2 -4 -5 -6 9 -8 8 -10 -11 -12 12 -14 -15
leaf_value=0.0029030012098924963 -0.016565643168085085 0.058803365380423189 -0.0072807159438806491 -0.042560908260071167 0.033585717545782913 0.031494371607620905 -0.036330377455810088 -0.01014945502252417 0.049152226409843618 0.0054713835798143517 -0.047707542450500816 -0.061306020675764239 -0.007197298041504728 -0.011549137260109359
leaf_weight=250.82311302423477 51.895459607243538 9.2758767008781415 5.7122875750064841 5.0294993296265593 6.0159723162651053 8.3585371077060699 14.985072642564772 6.4797274172306043 5.1350433379411697 58.457131490111351 5.195763871073722 4.7471622228622437 12.754670023918154 10.26831316947937
leaf_count=1090 264 40 24 22 26 39 71 32 23 250 24 23 58 45
internal_value=-0.000359622 0.00375846 0.0336174 0.00200928 -0.00641164 -0.00776135 -0.01551 -0.0105975 0.0160686 -0.00166572 -0.0117618 -0.00659233 -0.0218736 0.00776603
internal_weight=455.134 270.841 14.9882 255.853 184.293 178.277 78.4953 63.5102 11.6148 99.7816 41.3244 36.1287 17.5018 18.6269
internal_count=2031 1176 64 1112 855 829 390 319 55 439 189 165 81 84
cat_boundaries=0 1
cat_threshold=1
is_linear=0
shrinkage=0.05


Tree=47
num_leaves=15
num_cat=3
split_feature=0 4 4 4 7 6 6 6 4 6 4 1 6 7
split_gain=4.13468 5.8172 3.70205 4.60508 3.77408 3.50755 3.23308 5.21946 5.53522 3.37316 4.02647 3.22074 3.06127 3.55605
threshold=0 0.17333670038640955 -0.075233679252018806 -0.10020038629537781 1 0.55584803767552371 0.8420600716823875 0.74797692354428469 0.0175953290858674 0.70424790792885505 -0.01251286201104943 4.5000000000000009 0.54620003885787061 2
decision_type=1 10 10 10 9 10 10 10 10 8 8 10 8 9
left_child=2 12 3 -1 -4 -6 7 9 -9 10 -7 -12 -2 -14
right_child=1 -3 4 -5 5 6 -8 8 -10 -11 11 -13 13 -15
leaf_value=-0.010135613111884984 0.043431214466371486 0.048162056784613445 0.0034835347409648849 -0.064312069163821955 -0.032603600008559601 -0.041655128394030835 -0.0132669796425615 0.081391144044471023 0.0084018212008599661 -0.04373046156823529 -0.016054233772133771 0.034352747319394659 -0.0013259146869163097 0.013842024259907076
leaf_weight=13.15399405360222 4.6326089948415747 7.467103660106658 109.52746593952179 5.5890658497810355 14.839178472757338 4.0105815678834915 62.446116127073765 3.9286849647760373 7.6659712493419647 5.1396973580121985 5.0785059928894105 8.427813917398451 162.18878002464771 40.53533748537302
leaf_count=62 20 33 481 27 78 23 295 20 35 25 24 41 695 172
internal_value=-0.000343806 0.00459041 -0.00475703 -0.0262907 -0.00314647 -0.00914909 -0.00649592 0.00584892 0.0331332 -0.008114 0.00233636 0.0153992 0.00324274 0.00232436
internal_weight=454.631 214.824 239.807 18.7431 221.064 111.537 96.6974 34.2513 11.5947 22.6566 17.5169 13.5063 207.357 202.724
internal_count=2031 920 1111 89 1022 541 463 168 55 113 88 65 887 867
cat_boundaries=0 1 2 3
cat_threshold=34 9 10
is_linear=0
shrinkage=0.05


Tree=48
num_leaves=15
num_cat=2
split_feature=8 2 6 3 4 3 6 6 3 7 6 6 4 6
split_gain=3.9156 3.26206 3.59157 2.76137 3.02419 2.66655 4.9345 4.11897 3.93159 2.46727 10.5927 7.71857 4.52569 4.35507
threshold=0 94.500000000000014 0.58313045456401058 0.023515328874569735 -0.042110969352639395 -0.0049837883666944876 1.246731178697557 1.4765295102280296 0.040734659226042864 1 1.5549136034228102 1.0717252831924573 0.013476309319271672 0.62078096292823648
decision_type=9 8 8 8 10 10 8 10 10 9 8 10 10 10
left_child=5 3 -3 4 -2 6 -1 -7 -9 10 11 -4 -13 -11
right_child=1 2 9 -5 -6 7 -8 8 -10 13 -12 12 -14 -15
leaf_value=-0.011618988961412285 -0.00148711359015138 0.024753685480605896 0.019994772169686235 -0.0090587991212963022 0.045919592909612589 -0.0085053385913075683 -0.06513435026973563 0.046120661601221517 -0.0079721381692885087 -0.052835116106668203 0.049092329495852544 0.0071682172569603221 -0.039225554572596924 -0.0015270214765913113
leaf_weight=23.554306536912922 4.7995719611644789 15.309801638126372 20.845713749527931 5.5923261642456081 11.248058840632435 74.211505636572838 5.2715438753366461 7.3739782571792585 6.1697065234184265 4.2084763944149008 13.265176504850386 8.3092528432607669 14.308428630232809 239.60136750340462
leaf_count=130 20 66 88 23 46 356 30 34 27 20 56 35 61 1039
internal_value=-0.000311718 0.00241721 0.00113052 0.0211973 0.0317411 -0.00821165 -0.0214056 -0.00387768 0.0214792 -7.28745e-05 0.00848707 -0.0019531 -0.0221815 -0.00231761
internal_weight=454.069 337.488 315.848 21.64 16.0476 116.581 28.8259 87.7552 13.5437 300.538 56.7286 43.4634 22.6177 243.81
internal_count=2031 1454 1365 89 66 577 160 417 61 1299 240 184 96 1059
cat_boundaries=0 1 2
cat_threshold=1 1
is_linear=0
shrinkage=0.05


Tree=49
num_leaves=15
num_cat=1
split_feature=1 4 9 5 5 5 4 7 4 4 4 5 11 11
split_gain=3.69153 4.85784 3.37841 3.13767 3.60887 3.33361 2.95845 2.81282 3.07102 6.22726 3.24598 2.3641 2.42017 3.46527
threshold=3.5000000000000004 0.17333670038640955 0.87550000000000006 0.023948958077640057 0.023023805207277127 0.056456716060347197 0.0327108477695928 0 0.058148511396444114 0.091308133578018313 0.10734701320197586 0.042744462406606863 2.4950000000000006 0.93000000000000005
decision_type=10 10 10 8 8 10 10 9 10 10 10 8 10 10
left_child=1 3 6 4 -1 11 -2 8 -8 -10 -11 12 13 -5
right_child=2 -3 -4 5 -6 -7 7 -9 9 10 -12 -13 -14 -15
leaf_value=0.0036439438661431348 -0.014364344713982367 0.03117910481070988 0.030903683958459924 -0.0089050312557964039 0.04246824005664647 0.032102360003902479 0.034622230225326581 -0.0083238909598223314 -0.03735497977451506 0.050136105974559177 0.0053702920466915938 -0.039881615334567154 -0.032420569742701903 0.03214942502805157
leaf_weight=189.22913873195648 77.502563677728176 14.884093731641768 6.0672634690999976 34.713216736912727 6.1810664087533942 4.734496444463729 9.1087738126516324 53.52678544819355 7.8340470045804969 4.8669752925634411 24.106497645378113 6.5236476212739936 8.3185673952102643 6.0332510173320761
leaf_count=819 390 64 26 156 27 20 39 247 34 20 99 30 35 25
internal_value=-0.000298238 0.00341101 -0.00578302 0.00179486 0.004872 -0.00817322 -0.00704096 -0.00133337 0.00708551 0.002196 0.0128901 -0.0116035 -0.00784366 -0.00282618
internal_weight=453.63 270.617 183.013 255.733 195.41 60.3232 176.946 99.4431 45.9163 36.8075 28.9735 55.5887 49.065 40.7465
internal_count=2031 1176 855 1112 846 266 829 439 192 153 119 246 216 181
cat_boundaries=0 1
cat_threshold=9
is_linear=0
shrinkage=0.05


Tree=50
num_leaves=15
num_cat=1
split_feature=6 5 4 4 12 7 4 4 11 5 5 12 6 10
split_gain=4.70595 3.4236 5.87003 4.66104 4.59022 4.42441 5.81965 5.5967 4.12595 7.47651 6.76203 5.86723 5.33917 5.30808
threshold=0.31700350139578121 0.031747163936900406 0.30878550744622185 0.10191600147325096 0.99500000000000011 0 0.1301029678497618 0.20183284460912274 1.925 0.013755224276268985 0.020065772396198989 2.3300000000000005 1.4222787066218565 9.5150000000000023
decision_type=8 10 10 10 10 9 10 10 8 10 10 8 8 10
left_child=-1 3 -3 8 5 -5 -7 -8 9 12 13 -10 -2 -11
right_child=1 2 -4 4 -6 6 7 -9 11 10 -12 -13 -14 -15
leaf_value=0.041463498041342826 -0.042014959979683401 0.01375421652719554 -0.031449808365221502 0.01580040978761087 0.043774438588638491 0.017657379695908689 -0.054632728557208403 0.01057481208216807 -0.035710425465395775 0.01677646005882889 -0.001908389212106275 -0.0053284043913414507 0.014643027014449458 0.074486030285532231
leaf_weight=6.8019844591617575 9.6366856694221514 69.737558871507645 8.0061671286821348 25.484657406806946 8.816597640514372 9.08802278339863 9.9742589890956861 4.9107017368078223 16.975530356168747 7.8239627331495312 13.51410064101219 248.63176833838224 7.3138866275548926 8.1198225617408735
leaf_count=32 40 308 35 105 38 40 45 21 71 32 56 1155 30 33
internal_value=0.000186881 -0.000439774 0.00909904 -0.00244248 0.010538 0.00461307 -0.00978779 -0.0331201 -0.00486681 0.00888834 0.0241118 -0.00727018 -0.017568 0.0461667
internal_weight=454.836 448.034 77.7437 370.29 58.2742 49.4576 23.973 14.885 312.016 46.4085 29.4579 265.607 16.9506 15.9438
internal_count=2041 2009 343 1666 249 211 106 66 1417 191 121 1226 70 65
cat_boundaries=0 1
cat_threshold=9
is_linear=0
shrinkage=0.05


Tree=51
num_leaves=15
num_cat=0
split_feature=6 1 5 4 3 3 11 1 6 4 4 4 4 5
split_gain=4.18387 3.17553 6.62753 5.57286 5.53934 5.02851 4.26467 3.92033 6.90435 3.90011 4.28045 3.69869 3.83352 3.91471
threshold=0.31700350139578121 3.5000000000000004 0.056456716060347197 -0.087671165301316037 0.05321868555220241 -0.034130997843996216 1.3150000000000002 1.5000000000000002 0.91566256855430284 0.30878550744622185 0.10191600147325096 -0.097011603312921829 -0.075233679252018806 0.017112853613710361
decision_type=8 8 8 10 10 8 10 10 8 8 10 10 10 10
left_child=-1 2 3 -2 9 7 -6 -5 -9 10 11 -3 -13 -14
right_child=1 4 -4 5 6 -7 -8 8 -10 -11 -12 12 13 -15
leaf_value=0.038846909236700991 -0.02936143322223321 0.014435547707520905 0.058710481460443935 -0.0013728383645954989 0.0048254808104781057 0.00076723506072561682 0.038690984579782706 0.081360958392467625 0.012798837451415685 -0.069002877534058121 0.010633588029506119 -0.040574549065077736 -0.0025547222733479317 -0.016193598226505884
leaf_weight=6.8946463763713828 10.696271851658819 18.14802873134613 6.0090865641832343 7.0267111510038402 53.925886958837509 51.697276428341866 11.232720658183096 6.7343118190765354 8.0747203528881073 2.3949546366929999 38.315706670284271 9.2318200767040235 139.53405947983265 84.45630094408989
leaf_count=32 49 80 25 32 230 229 49 30 37 13 165 43 636 391
internal_value=0.000193947 -0.000401609 0.00797901 0.00435973 -0.00251855 0.00926488 0.0106636 0.0293835 0.043977 -0.00545927 -0.00493393 -0.00730684 -0.00899871 -0.00769731
internal_weight=454.373 447.478 90.2384 84.2293 357.239 73.533 65.1586 21.8357 14.809 292.081 289.686 251.37 233.222 223.99
internal_count=2041 2009 402 377 1607 328 279 99 67 1328 1315 1150 1070 1027
is_linear=0
shrinkage=0.05


Tree=52
num_leaves=15
num_cat=1
split_feature=6 10 1 6 6 4 8 6 4 4 12 11 12 4
split_gain=3.72899 2.91964 3.18412 4.6037 3.55058 3.21375 3.29094 6.63209 3.05377 6.56534 5.29278 4.65511 4.30697 3.67935
threshold=0.31700350139578121 5.1800000000000006 3.5000000000000004 1.9141902551877135 1.6122556106580845 -0.055140427347580574 0 1.1690150096196992 0.10191600147325096 0.10734701320197586 1.4750000000000003 1.925 1.9150000000000003 0.037440083936945583
decision_type=8 8 8 10 10 10 9 8 10 10 10 8 8 10
left_child=-1 -2 3 4 5 -3 7 -7 11 -10 -11 13 -13 -4
right_child=1 2 8 -5 -6 6 -8 -9 9 10 -12 12 -14 -15
leaf_value=0.036451271084963745 0.038281628718582303 -0.0094367834501208857 -0.00031393826516079213 -0.03194188108087255 0.050705305627812558 0.011955204487251812 0.023016042523389704 -0.058337591929896931 0.053749215896272844 -0.0029564077867675845 0.046086955716140972 -0.044862043209533742 -0.0070350767960373848 0.029901625120417399
leaf_weight=6.9781459271907798 4.8295694291591644 19.539382264018059 33.218509584665298 6.8166598826646796 5.2234882265329352 17.516730383038524 37.087155058979988 4.1507228612899771 6.5743863433599463 61.71243505179882 6.0396775007247916 7.7890579104423523 222.00053419172764 14.46111787855625
leaf_count=32 20 91 138 30 23 83 154 21 28 264 27 33 1038 59
internal_value=0.000182583 -0.000383662 -0.000806019 0.00756752 0.0107923 0.0081294 0.0139712 -0.00151043 -0.00295618 0.00604456 0.0014155 -0.00536723 -0.00831728 0.00885037
internal_weight=453.938 446.959 442.13 90.3341 83.5175 78.294 58.7546 21.6675 351.796 74.3265 67.7521 277.469 229.79 47.6796
internal_count=2041 2009 1989 402 372 349 258 104 1587 319 291 1268 1071 197
cat_boundaries=0 1
cat_threshold=1
is_linear=0
shrinkage=0.05


Tree=53
num_leaves=15
num_cat=1
split_feature=6 5 3 5 6 6 6 1 3 1 6 6 3 0
split_gain=3.32805 2.77759 4.07697 3.87477 4.9124 3.8674 3.70203 3.6062 3.16635 2.43762 4.6578 3.29286 5.60641 3.93361
threshold=0.31700350139578121 0.033772898620018199 -0.12839706918685134 0.036559497681088217 0.96386907053168258 0.40446507668877468 1.3868021128090946 1.5000000000000002 0.024474436999635214 4.5000000000000009 2.0473303698461609 0.90721323494045425 0.062030345790715778 0
decision_type=8 10 10 10 10 10 10 10 8 10 8 10 10 1
left_child=-1 2 -2 4 -3 -4 8 -8 -5 11 -11 12 -7 -13
right_child=1 3 5 6 -6 9 7 -9 -10 10 -12 13 -14 -15
leaf_value=0.034249417856324807 -0.050580204529349984 -0.0046690238462820345 -0.044334572267859133 0.001299730836512182 0.060852309328156641 0.014195113904467378 0.013742321805403551 -0.039685058838985356 0.031713990446928325 -0.0094648579692709501 0.034978285813482092 0.0030756544781943558 -0.04249036881766885 -0.011916894615955078
leaf_weight=7.0534081161022177 4.2679602503776541 4.7347776591777784 5.1818329244852057 26.398662716150287 7.2272680103778839 70.169911876320839 5.1054906100034705 8.281439080834387 12.662001758813853 106.09408564120531 6.242235228419303 131.54424969851971 4.6510825157165518 53.84267570078373
leaf_count=32 22 22 27 120 31 311 22 37 53 509 30 551 21 253
internal_value=0.000172446 -0.000365987 -0.00198551 0.00923891 0.0349179 -0.00143643 0.00338215 -0.019309 0.0111589 -0.000839751 -0.00699527 0.00181769 0.0106714 -0.0017556
internal_weight=453.457 446.404 381.994 64.4096 11.962 377.726 52.4476 13.3869 39.0607 372.544 112.336 260.208 74.821 185.387
internal_count=2041 2009 1724 285 53 1702 232 59 173 1675 539 1136 332 804
cat_boundaries=0 1
cat_threshold=11
is_linear=0
shrinkage=0.05


Tree=54
num_leaves=15
num_cat=1
split_feature=1 5 3 5 11 6 6 8 3 6 3 3 6 6
split_gain=3.1232 5.44492 4.7811 3.93555 2.87996 2.63912 5.48199 5.40352 2.48087 3.23645 2.45625 2.47585 2.30504 3.86938
threshold=3.5000000000000004 0.056456716060347197 0.05321868555220241 0.017791358433533137 1.3150000000000002 0.87923706315014261 0.83811517474823793 0 0.15864241545186128 0.74487045503263027 -0.12839706918685134 -0.10987520828163218 1.7900192831974073 1.1851028279905578
decision_type=8 8 10 10 10 10 10 9 8 10 10 10 10 10
left_child=1 5 10 -4 8 6 -1 -7 9 -5 -2 -12 13 -9
right_child=2 -3 3 4 -6 7 -8 12 -10 -11 11 -13 -14 -15
leaf_value=0.0073257267148271223 -0.034640688780369799 0.054249546027483775 0.034197275518945712 0.020436379810739761 0.030364324025093606 -0.028997745383953607 0.062065861479600581 -0.0038227806051707677 0.026448103839243564 -0.014745218169577299 0.029102950666889799 -0.0045966176845155414 -0.023657227206541023 0.033121912736564556
leaf_weight=33.136313736438751 6.6692852377891532 6.0470045506954184 13.634257495403288 8.5493962317705137 8.6319450139999372 13.864002242684364 5.3060657382011405 15.037279769778253 6.7973255515098563 27.77128754556179 5.5569556951522818 283.79974276572466 4.864074543118476 13.405333489179609
leaf_count=148 35 25 59 38 38 70 23 64 28 118 26 1291 21 57
internal_value=0.000152485 0.00839571 -0.00193814 0.0102985 0.00400202 0.00515697 0.0148813 -0.00276802 -0.00127554 -0.00646395 -0.00464089 -0.00394943 0.00815018 0.0135897
internal_weight=453.07 91.6601 361.41 65.3842 51.75 85.6131 38.4424 47.1707 43.118 36.3207 296.026 289.357 33.3067 28.4426
internal_count=2041 408 1633 281 222 383 171 212 184 156 1352 1317 142 121
cat_boundaries=0 1
cat_threshold=1
is_linear=0
shrinkage=0.05


Tree=55
num_leaves=15
num_cat=0
split_feature=4 2 4 11 4 4 3 6 6 10 6 3 4 4
split_gain=2.20661 4.67495 4.05268 5.35584 5.10552 3.20826 3.76983 7.85906 5.5853 4.62369 3.31881 4.43304 5.23561 4.59054
threshold=-0.11372240273932027 inf -0.055140427347580574 2.3550000000000004 -0.047865364806862036 -0.022517185431877394 -0.0037889315933091849 0.82276709518388291 0.58313045456401058 14.675000000000002 0.82989859446134906 0.0094847643400382108 0.006139966929286928 0.18600128855936196
decision_type=8 8 10 8 10 10 10 10 10 8 10 10 10 8
left_child=1 -1 3 -2 -4 6 9 8 -8 -6 -7 13 -13 -12
right_child=2 -3 4 -5 5 10 7 -9 -10 -11 11 12 -14 -15
leaf_value=-0.0072561354764289418 0.017885290296204982 0.041822696185974416 0.044192918039511975 -0.023937704164395075 0.016233945717032461 0.0089384808220096083 0.0051300962834676701 0.024037526558399209 -0.073779450982771833 -0.039263813483285399 -0.0078078004408707593 0.034276536570866531 0.00089011891717673426 -0.064838553596398105
leaf_weight=10.105994567275049 9.7309219390153867 9.3330671638250333 6.6429166495800009 35.880071997642517 4.7882455885410309 107.1448866724968 4.3676906228065508 14.639569059014319 4.6086830198764801 17.358374752104286 91.2141003459692 12.96012434363365 125.00502856075764 3.670447275042533
leaf_count=47 40 39 32 174 20 487 22 65 24 89 414 58 534 17
internal_value=-0.000176577 0.0163076 -0.000908147 -0.0150149 0.000731569 -1.68557e-05 -0.0124456 0.00145154 -0.0353839 -0.0272648 0.00165603 -0.00169496 0.00402636 -0.0100139
internal_weight=457.45 19.4391 438.011 45.611 392.4 385.757 45.7626 23.6159 8.97637 22.1466 339.995 232.85 137.965 94.8845
internal_count=2062 86 1976 214 1762 1730 220 111 46 109 1510 1023 592 431
is_linear=0
shrinkage=0.05


Tree=56
num_leaves=15
num_cat=0
split_feature=4 6 6 5 4 1 4 6 3 4 3 1 4 5
split_gain=2.14099 2.25798 4.10065 5.20392 4.01215 4.03542 3.55772 3.39422 8.24442 5.87155 6.16103 4.84026 6.36766 3.70381
threshold=0.30878550744622185 1.5780383041507284 1.5040178928855124 0.01577573088087177 -0.022517185431877394 5.5000000000000009 -0.11372240273932027 1.0011696376919244 0.010181165348951334 0.052391728092794958 -0.024772548313135936 3.5000000000000004 0.078961662960790477 0.012920806051177737
decision_type=8 10 10 10 10 10 10 10 10 10 10 10 8 10
left_child=1 2 4 -4 -1 7 -3 9 -9 10 -6 -10 -13 -11
right_child=-2 6 3 -5 5 -7 -8 8 11 13 -12 12 -14 -15
leaf_value=-0.010505404681454032 -0.022803861454151916 0.039717935022197476 0.0084861195848061326 -0.060181157265051737 0.053698499420614831 -0.010046770252241669 0.0042749167059623495 -0.019013830806949534 0.0014416597327709614 0.028501127833249408 0.013951946655329426 0.077437029398465182 0.010530976310624322 -0.0065570324230024516
leaf_weight=77.791922733187675 10.215017586946486 7.6829091459512702 4.7793395370244962 6.5273993760347366 12.084652245044706 51.808474168181419 90.266117110848427 39.143670961260796 36.128373622894287 9.0179557353258115 50.461844116449356 5.6019998192787153 9.7380837053060514 45.774567663669586
leaf_count=380 46 33 21 28 54 254 394 177 153 38 222 24 40 198
internal_value=-0.000170477 0.000346973 -0.00153644 -0.0311556 -0.000544304 0.00243881 0.00705499 0.00554944 -0.00171978 0.0111629 0.0216314 0.011433 0.0349642 -0.000787031
internal_weight=457.022 446.807 348.858 11.3067 337.552 259.76 97.949 207.951 90.6121 117.339 62.5465 51.4685 15.3401 54.7925
internal_count=2062 2016 1589 49 1540 1160 427 906 394 512 276 217 64 236
is_linear=0
shrinkage=0.05


Tree=57
num_leaves=15
num_cat=0
split_feature=12 10 3 3 6 10 3 6 11 3 3 6 3 3
split_gain=1.90951 2.74579 4.68653 5.2312 4.56121 3.3183 3.2019 3.58426 2.83262 2.66488 3.45635 1.83899 3.02606 6.08661
threshold=0.42500000000000004 9.0850000000000026 -0.0034841721099189548 0.026109152041987892 4.1982737337980307 8.1850000000000005 -0.03597437609064149 2.3793317317141289 1.4950000000000003 0.039006847807795425 0.050674465376023041 0.82989859446134906 0.035713645249425968 0.015035139723480086
decision_type=8 10 10 10 10 10 10 8 10 8 10 8 10 10
left_child=-1 4 6 8 5 11 7 -3 -4 -5 -11 12 13 -2
right_child=1 2 3 9 -6 -7 -8 -9 -10 10 -12 -13 -14 -15
leaf_value=-0.022511965029195499 0.0063385697110032307 0.040184601493371497 0.07462604891625095 -0.02648316855504709 0.035810312513125601 -0.038596338588192391 -0.022626118319784422 -0.017316989959483057 0.028618836172818629 0.051980500215622075 0.00061961672882205243 -0.004048553183804194 0.016605184880985734 -0.021593568278190263
leaf_weight=9.3624147176742536 74.371943235397339 5.8819040805101404 5.1393754780292502 4.9093814045190829 8.1331770867109281 6.1053760200738898 13.682101622223852 5.0255793631076822 9.5856534242629987 4.6361295729875556 11.162052422761915 240.00357110798359 32.272264018654823 26.435752362012863
leaf_count=39 354 24 21 20 35 26 57 21 39 20 49 1090 144 123
internal_value=-0.000163911 0.000303808 0.0102547 0.0218937 -0.00123826 -0.00203291 -0.00651653 0.013691 0.0446764 0.00569302 0.015692 -0.00143456 0.00327966 -0.000986338
internal_weight=456.707 447.344 60.0222 35.4326 387.322 379.189 24.5896 10.9075 14.725 20.7076 15.7982 373.084 133.08 100.808
internal_count=2062 2023 251 149 1772 1737 102 45 60 89 69 1711 621 477
is_linear=0
shrinkage=0.05


Tree=58
num_leaves=15
num_cat=1
split_feature=13 3 6 13 6 6 6 6 4 6 10 0 5 5
split_gain=5.40396 5.10389 4.02727 2.61956 2.75705 4.09796 3.11966 2.49508 2.01622 2.13458 2.97561 2.91093 3.60524 5.39968
threshold=0.35000000000000003 -0.022226186124100041 1.7900192831974073 0.45000000000000007 1.0598948187595629 0.68180664316635553 1.2516125048263438 1.056442657110608 0.30878550744622185 1.5780383041507284 8.6550000000000029 0 0.035240711645421072 0.027201055736923621
decision_type=8 10 10 8 10 10 8 8 8 10 8 1 8 10
left_child=1 -1 7 4 5 -2 -6 -3 9 10 -5 12 13 -12
right_child=3 2 -4 8 6 -7 -8 -9 -10 -11 11 -13 -14 -15
leaf_value=0.021398285312982084 -0.0076556188943392792 -0.025836414298155731 0.010557058586575956 -0.018872343298250393 -0.032456094323550309 0.048031659244734605 0.022271222211483546 -0.064394413809676976 -0.021788573361120299 0.0075139009750658046 -0.004740434140614422 0.0039237080409881284 0.031478782016037155 -0.040894777984215674
leaf_weight=5.3680616468191173 4.8507732152938869 8.8273863345384651 4.2024053484201422 22.16581603884697 4.8488057404756519 10.358222156763075 5.6246286779642114 7.996168687939643 10.155819475650786 90.520876362919807 84.521096795797348 179.42296440899372 5.7860052436590186 11.764796026051043
leaf_count=26 20 44 20 93 21 43 25 40 46 392 432 775 27 58
internal_value=-0.000156237 -0.0221165 -0.0332261 0.00119166 0.016676 0.0302707 -0.00306546 -0.0441629 0.00020813 0.00077486 -0.00123404 0.000154857 -0.00624286 -0.00915799
internal_weight=456.414 26.394 21.026 430.02 25.6824 15.209 10.4734 16.8236 404.337 394.182 303.661 281.495 102.072 96.2859
internal_count=2062 130 104 1932 109 63 46 84 1823 1777 1385 1292 517 490
cat_boundaries=0 1
cat_threshold=32
is_linear=0
shrinkage=0.05


Tree=59
num_leaves=15
num_cat=0
split_feature=13 3 6 6 13 6 6 6 4 6 10 10 6 3
split_gain=4.9316 4.67754 3.74341 2.39343 2.3576 2.47666 3.67318 2.82406 1.83078 1.92203 2.78374 2.75709 2.79702 5.86022
threshold=0.35000000000000003 -0.022226186124100041 1.7900192831974073 1.0658766589606334 0.45000000000000007 1.0598948187595629 0.68180664316635553 1.264547981782324 0.30878550744622185 1.5780383041507284 5.8900000000000015 7.5450000000000008 1.809507986141748 -0.04597878154720856
decision_type=8 10 10 10 8 10 10 10 8 10 8 8 10 8
left_child=1 -1 3 -3 5 6 -2 -7 9 10 -6 -11 13 -13
right_child=4 2 -4 -5 8 7 -8 -9 -10 11 -12 12 -14 -15
leaf_value=0.02015239856762677 -0.0072742787495249477 -0.024819746925364771 0.0099881876861959758 -0.062962439033539472 -0.030816242353433221 -0.031056276376702413 0.045412319931709362 0.021055444962970009 -0.020819457528005056 0.028461364991891711 -0.0003940768618578797 0.06960330012799669 -0.002409314967058413 0.0055927724549717627
leaf_weight=5.4137209653854397 4.8498366773128536 8.7320017814636284 4.2192175537347785 7.7747600972652426 7.7157120853662491 4.8148688077926618 10.40656493604183 5.651225820183754 10.098619922995566 12.979196786880491 295.68746349215508 4.4912091791629791 55.601888164877892 17.539315551519397
leaf_count=26 20 44 20 40 33 21 43 25 46 53 1352 20 243 76
internal_value=-0.000146146 -0.0212322 -0.032042 -0.0427851 0.00113616 0.0158136 0.0286638 -0.00291826 0.000201921 0.0007407 -0.00116773 0.00713087 0.00356467 0.0186422
internal_weight=455.976 26.1397 20.726 16.5068 429.836 25.7225 15.2564 10.4661 404.113 394.015 303.403 90.6116 77.6324 22.0305
internal_count=2062 130 104 84 1932 109 63 46 1823 1777 1385 392 339 96
is_linear=0
shrinkage=0.05


Tree=60
num_leaves=15
num_cat=1
split_feature=7 13 3 6 6 3 6 1 1 6 3 11 3 6
split_gain=3.12615 3.45151 4.6743 3.67852 3.63173 5.63489 8.44411 5.59999 5.03922 4.67755 4.67162 5.4246 4.61999 4.54747
threshold=0 0.35000000000000003 -0.0037889315933091849 1.0898927026833058 1.0070601808177606 -0.014829713167049827 3.8591287435897166 7.5000000000000009 5.5000000000000009 0.36449045955657522 0.045538189072889333 2.3550000000000004 0.04437827915099285 0.44018640620251176
decision_type=9 10 10 10 10 10 8 10 8 10 10 10 10 10
left_child=1 4 3 -3 8 -6 7 -7 9 -1 11 13 -11 -10
right_child=-2 2 -4 -5 5 6 -8 -9 10 12 -12 -13 -14 -15
leaf_value=-0.061081522079231537 0.007466675541907811 0.012989599944102266 0.029637009531542399 -0.040338845209314467 -0.011329203011437647 0.0019382429135566207 0.071446434903932918 0.051022898857672222 0.008667445174254015 0.0064427752839375484 0.012862862665475122 0.022858691516153176 -0.02315531149177253 -0.039229389637759578
leaf_weight=3.2177035957574835 102.3923894315958 7.7947698533535021 18.669550001621246 5.5262176245450974 59.968870103359222 103.15064509212971 4.9537019580602637 6.1576797515153876 5.7088085860013953 64.453684277832508 8.5277804136276227 4.8490639775991431 16.574596107006073 37.560192748904228
leaf_count=15 447 33 76 29 272 452 21 28 30 303 39 20 73 196
internal_value=0.000202347 -0.00209525 0.0134927 -0.00913373 -0.00374419 0.00108269 0.00759691 0.00470334 -0.00971326 -0.0019594 -0.0212451 -0.0272899 0.000388391 -0.03291
internal_weight=449.506 347.113 31.9905 13.321 315.123 174.231 114.262 109.308 140.892 84.246 56.6458 48.1181 81.0283 43.269
internal_count=2034 1587 138 62 1449 773 501 480 676 391 285 246 376 226
cat_boundaries=0 1
cat_threshold=10
is_linear=0
shrinkage=0.05


Tree=61
num_leaves=15
num_cat=1
split_feature=10 7 5 3 6 5 4 4 4 5 5 4 5 5
split_gain=3.07853 2.91648 4.51572 6.12545 6.60328 4.92139 4.99038 4.71048 6.4188 4.66891 4.54304 5.07827 4.06138 6.37947
threshold=5.1800000000000006 0 0.017264964162362846 -0.0030262162691306279 1.329042954257708 0.012920806051177737 0.027647574235242108 0.031811360112568653 0.052391728092794958 0.018125778999203025 0.011902017134430849 0.025036046006930417 0.0094138178119872375 0.0063939293862693243
decision_type=8 9 8 10 10 10 8 10 8 10 10 10 10 10
left_child=-1 -2 3 7 -5 10 -7 12 -9 -4 11 -6 13 -3
right_child=1 2 9 4 5 6 -8 8 -10 -11 -12 -13 -14 -15
leaf_value=0.038955571838939738 0.0072989318900583029 -0.042258836157397617 -0.041464939494025875 0.002159951346978418 -0.0090120388743635954 0.091026646488580221 0.028906590947565994 0.064095566907105536 -0.010705260557517296 -0.0061425217888367578 -0.032790923163840226 0.047806794239546216 -0.027579754949952059 0.026556947561660296
leaf_weight=5.0657485723495483 90.63670402765274 5.0247086137533179 9.9268371313810331 86.983392670750618 6.6675192117691102 4.9552856534719449 9.3020927906036359 4.6105525791645032 7.58841572701931 162.46742911636829 4.3962216675281516 9.5868888050317747 31.488765254616737 10.213258430361746
leaf_count=21 394 26 47 399 30 21 41 20 34 738 20 41 153 49
internal_value=0.000198112 -0.000244236 -0.00232081 0.00313373 0.00953233 0.0279027 0.050497 -0.0101022 0.0175654 -0.00817646 0.0123035 0.0244998 -0.0173254 0.00386499
internal_weight=448.914 443.848 353.211 180.817 121.891 34.908 14.2574 58.9257 12.199 172.394 20.6506 16.2544 46.7267 15.238
internal_count=2034 2013 1619 834 552 153 62 282 54 785 91 71 228 75
cat_boundaries=0 1
cat_threshold=5
is_linear=0
shrinkage=0.05


Tree=62
num_leaves=15
num_cat=0
split_feature=10 13 6 3 4 6 4 4 4 4 3 6 10 1
split_gain=2.77381 2.74241 4.23912 2.53055 2.86084 2.4827 2.22114 3.9657 5.70057 3.08602 3.83721 3.76706 3.05101 3.47962
threshold=5.1800000000000006 0.35000000000000003 1.409010529737057 -0.0030262162691306279 0.024522496347559385 0.90721323494045425 0.30878550744622185 0.17333670038640955 0.1332357644195393 0.10191600147325096 0.011555417748416312 1.4448986615485879 17.110000000000003 3.5000000000000004
decision_type=8 10 8 10 8 10 10 10 10 10 8 10 10 8
left_child=-1 6 3 -3 5 -5 7 8 9 12 -11 -12 13 -2
right_child=1 2 -4 4 -6 -7 -8 -9 -10 10 11 -13 -14 -15
leaf_value=0.036961055300719567 0.0058026329858434011 0.0021890918904238607 -0.033596302181078341 0.026415862079017589 0.0065193650681911828 0.073218059458449378 -0.02684208448380962 0.016347925865130005 -0.029054496463005008 0.041060362548502448 -0.010931258770713839 0.035896362652756107 0.016633255844945211 -0.0066759438512856394
leaf_weight=5.0719750821590424 74.373761519789696 12.897865578532221 4.3044704198837271 6.6390976607799512 7.3562218397855785 4.9433954209089279 8.3996693044900876 30.884292304515839 18.895324781537056 9.3326643705368024 14.949558258056646 6.0258922427892676 19.932299360632896 224.48525246232748
leaf_count=21 335 59 21 27 30 20 37 132 83 40 63 26 83 1057
internal_value=0.000194757 -0.000225788 0.0129742 0.0192708 0.030904 0.046391 -0.00139713 -0.000861303 -0.0023056 -0.000857794 0.0143886 0.00252153 -0.0023073 -0.00357054
internal_weight=448.492 443.42 36.1411 31.8366 18.9387 11.5825 407.279 398.879 367.995 349.099 30.3081 20.9755 318.791 298.859
internal_count=2034 2013 157 136 77 47 1856 1819 1687 1604 129 89 1475 1392
is_linear=0
shrinkage=0.05


Tree=63
num_leaves=15
num_cat=1
split_feature=7 5 10 5 6 6 13 3 10 12 11 5 3 1
split_gain=2.8228 3.64591 4.28205 3.55643 4.85647 5.42093 5.49075 5.81005 5.61397 4.56105 6.15162 3.66821 3.37063 4.49933
threshold=0 0.027903123038000337 7.9600000000000009 0.017264964162362846 1.3800778143961039 1.4222787066218565 0.15000000000000005 -0.0012647664954183559 13.470000000000002 2.2550000000000003 1.5750000000000004 0.018125778999203025 -0.01151679195892444 5.5000000000000009
decision_type=9 10 10 8 10 10 10 10 8 8 8 10 10 10
left_child=1 -1 -3 4 9 -6 7 8 -7 10 -2 -5 -11 -14
right_child=3 2 -4 11 5 6 -8 -9 -10 12 -12 -13 13 -15
leaf_value=0.0010282063521748642 0.0013682880517571505 0.014319236939267579 0.065607357220226287 -0.036336392773896657 0.064224771337168154 0.024336172015429976 -0.032653084355816785 0.033425827081817253 -0.035292506857658161 -0.015305585623299407 -0.064128735376516546 -0.0052407765493172644 0.011992059387458447 -0.013048764112813832
leaf_weight=59.185475632548332 7.8316615372896194 27.375690460205078 4.7803025394678107 10.06795486807823 5.247969076037406 7.7940663397312164 6.3289194852113715 23.284944131970406 7.9977354109287244 24.611667960882187 6.6113462895154935 163.54031055420637 69.133340820670128 24.22440180182457
leaf_count=257 33 119 21 48 23 32 32 100 38 124 28 744 310 125
internal_value=0.000184565 0.00756331 0.0219437 -0.00186484 0.00294496 0.0161119 0.010551 0.0175484 -0.00586269 -0.00209198 -0.0286132 -0.00704409 0.00115502 0.00549448
internal_weight=448.016 91.3415 32.156 356.674 183.066 50.6536 45.4057 39.0767 15.7918 132.412 14.443 173.608 117.969 93.3577
internal_count=2034 397 140 1637 845 225 202 170 70 620 61 792 559 435
cat_boundaries=0 1
cat_threshold=5
is_linear=0
shrinkage=0.05


Tree=64
num_leaves=15
num_cat=1
split_feature=7 5 11 5 6 5 3 12 5 12 4 3 5 3
split_gain=2.5498 3.29314 4.0146 3.21356 4.38831 5.20993 4.91694 5.2388 5.19456 4.14142 6.56012 3.75234 3.35175 3.05431
threshold=0 0.027903123038000337 1.0350000000000004 0.017264964162362846 1.3800778143961039 0.013147170883779135 0.02236318027644241 3.6850000000000005 0.010740770278504281 2.2550000000000003 0.046856703747072549 -0.044788802190338296 0.018125778999203025 -0.01151679195892444
decision_type=9 10 10 8 10 10 10 8 10 8 10 10 10 10
left_child=1 -1 -3 4 9 6 7 -6 -8 10 -2 -7 -5 -11
right_child=3 2 -4 12 5 11 8 -9 -10 13 -12 -13 -14 -15
leaf_value=0.00097664537992173985 -0.055275958633124615 0.013567119240999879 0.063690780338657133 -0.034834595291620689 0.0178800144390453 -0.0067334444610221509 0.06105033056492163 -0.040118244729926852 -0.0067336584157689635 -0.014627692846823007 0.013527337287220616 0.043171866892432603 -0.004985217331938502 0.0052177346578399586
leaf_weight=59.194360539317131 8.5321841388940793 27.470471203327179 4.6746121495962134 9.9792037606239301 6.4784295260906219 4.7446205317974117 5.4587086737155897 9.7581197470426613 5.8612261712551117 24.468378759920597 5.8328264802694312 18.272609531879425 163.33317805081606 93.376556441187859
leaf_count=257 37 119 21 48 27 20 24 49 26 124 24 79 744 435
internal_value=0.000174325 0.00718611 0.0208562 -0.00177614 0.00279913 0.0153253 0.000658439 -0.0169768 0.0259532 -0.00199247 -0.0273388 0.0328847 -0.00670392 0.00109719
internal_weight=447.435 91.3394 32.1451 356.096 182.784 50.5737 27.5565 16.2365 11.3199 132.21 14.365 23.0172 173.312 117.845
internal_count=2034 397 140 1637 845 225 126 76 50 620 61 99 792 559
cat_boundaries=0 1
cat_threshold=5
is_linear=0
shrinkage=0.05


Tree=65
num_leaves=15
num_cat=1
split_feature=13 0 3 6 12 3 5 4 4 12 6 5 5 3
split_gain=3.20931 3.39956 5.3577 6.65037 4.68528 3.41714 9.01735 3.89246 4.42623 3.27685 3.23399 6.5335 2.85573 3.78642
threshold=0.35000000000000003 0 -0.014233207778568459 3.8591287435897166 2.9950000000000006 -0.079420530320768082 0.027410468995935036 -0.061988689098588214 0.052391728092794958 0.99500000000000011 1.7900192831974073 0.021332093513071932 0.035240711645421072 0.096480478942049613
decision_type=8 1 10 8 10 10 10 10 10 10 8 8 8 10
left_child=-1 2 4 12 5 6 -2 9 -9 -7 -3 -12 13 -4
right_child=1 10 3 -5 -6 7 -8 8 -10 -11 11 -13 -14 -15
leaf_value=-0.017526653294640027 0.038826938047415743 0.0072360688582665637 -0.00056030648061148789 0.056657159519644479 0.018042785244273159 0.028054447762290515 -0.054138877084786943 -0.044016077211521808 -0.0012135791038160142 -0.02725257579210515 0.025501237274659746 -0.03962901927774018 0.028732781846759699 -0.03698571839075554
leaf_weight=26.678612023591995 6.9408214390277845 180.62479975819588 147.29538380354643 5.18976205587387 8.8551294803619367 5.1828675121068937 4.1788001358509064 28.213435687124729 7.6852484345436087 5.5417558252811432 6.068761587142947 10.534481480717657 7.7733068019151679 7.4975915700197211
leaf_count=136 32 786 682 22 37 24 21 146 36 23 26 48 34 33
internal_value=-0.000697205 0.000343122 -0.0036677 0.000939171 -0.0158228 -0.0210163 0.00389 -0.0269564 -0.0348528 -0.00052446 0.00503939 -0.0158228 -0.000839569 -0.00232462
internal_weight=458.261 431.582 234.354 167.756 66.5981 57.7429 11.1196 46.6233 35.8987 10.7246 197.228 16.6032 162.566 154.793
internal_count=2086 1950 1090 771 319 282 53 229 182 47 860 74 749 715
cat_boundaries=0 1
cat_threshold=33
is_linear=0
shrinkage=0.05


Tree=66
num_leaves=15
num_cat=1
split_feature=13 0 3 6 3 5 3 3 4 6 5 5 3 4
split_gain=2.91968 3.07093 4.88215 6.12301 3.74403 5.33553 4.60724 5.71779 4.50861 2.92499 5.96258 2.72642 3.62678 3.84444
threshold=0.35000000000000003 0 -0.014233207778568459 2.906516427836666 -0.07773568497671958 0.025176708422723692 -0.043790782720930892 -0.03847676122696652 -0.05661672782007713 1.7900192831974073 0.017532470737175735 0.035240711645421072 0.096480478942049613 0.15022460438428195
decision_type=8 1 10 10 10 8 10 10 10 8 8 8 10 8
left_child=-1 2 4 11 5 -2 8 -8 -6 -3 -11 12 13 -4
right_child=1 9 3 -5 6 -7 7 -9 -10 10 -12 -13 -14 -15
leaf_value=-0.016782863444681714 0.037923028197021209 0.0068647888951457216 -0.0032504087690511372 0.038103554673879665 -0.0086448859438770023 -0.024566139535199448 0.038764458966652177 -0.018915741088143447 -0.060412335452415547 0.027959727314737864 -0.03606098595210247 0.027327241197080916 -0.038279111774704798 0.033920306662123784
leaf_weight=26.473270997405052 7.1649408191442463 180.86772513389587 135.27967404574156 10.371219843626021 6.610936880111697 6.5283349975943574 5.037053562700744 29.22357011586428 11.561898514628409 5.4056268930435207 11.115352362394331 7.7646766304969779 6.9692708998918524 7.333275854587554
leaf_count=136 32 786 629 44 29 32 25 146 55 23 51 34 31 33
internal_value=-0.000665415 0.000324029 -0.00349483 0.000892109 -0.01515 0.00813102 -0.0212299 -0.0104355 -0.0415803 0.00478294 -0.0151136 -0.00156061 -0.00306015 -0.00133906
internal_weight=457.707 431.234 233.845 167.718 66.1267 13.6933 52.4335 34.2606 18.1728 197.389 16.521 157.347 149.582 142.613
internal_count=2086 1950 1090 771 319 64 255 171 84 860 74 727 693 662
cat_boundaries=0 1
cat_threshold=33
is_linear=0
shrinkage=0.05


Tree=67
num_leaves=15
num_cat=1
split_feature=13 4 4 4 3 4 3 12 11 7 3 3 10 4
split_gain=2.65567 2.2055 3.53608 2.02031 5.31359 4.74356 3.68701 4.09551 4.95674 4.36835 6.9782 6.56166 3.72678 3.18816
threshold=0.35000000000000003 0.052391728092794958 0.031811360112568653 0.0327108477695928 0.093647794714145458 0.035885092350795296 0.034271880189460015 1.4150000000000003 0.81500000000000006 0 0.062030345790715778 0.088533348043360466 11.630000000000001 0.024522496347559385
decision_type=8 10 10 10 8 10 10 10 10 9 10 8 8 10
left_child=1 2 -1 4 13 -5 12 8 9 10 -8 -12 -7 -2
right_child=3 -3 -4 5 -6 6 7 -9 -10 -11 11 -13 -14 -15
leaf_value=-0.020129097813636622 -0.00024877590198149629 -0.041431175655025229 0.028377780115665958 0.044177130512463719 -0.064931350951161385 0.019498242656744338 0.050439458870581259 0.037619422554035956 -0.041851285215518869 -0.0039165495205142021 -0.037790505560599853 0.025069290538507163 -0.0078153935411748431 -0.022575575017624739
leaf_weight=14.774289838969713 212.47355885803699 6.4625428020954123 5.0383942425250998 7.0915954560041419 3.3961437866091719 14.560364723205565 14.958463281393056 11.662582606077192 5.091609761118888 37.605293422937386 6.1302351206541079 12.861861303448675 87.77192859351635 17.290379673242569
leaf_count=80 994 31 25 30 17 60 61 53 21 165 25 53 392 79
internal_value=-0.000634763 -0.0160671 -0.00779373 0.000306274 -0.00284661 0.00402402 0.00253039 0.0100155 0.00581534 0.00920709 0.0192323 0.00477952 -0.00392907 -0.00192893
internal_weight=457.169 26.2752 19.8127 430.894 233.16 197.734 190.642 88.31 76.6475 71.5559 33.9506 18.9921 102.332 229.764
internal_count=2086 136 105 1950 1090 860 830 378 325 304 139 78 452 1073
cat_boundaries=0 1
cat_threshold=9
is_linear=0
shrinkage=0.05


Tree=68
num_leaves=15
num_cat=0
split_feature=13 4 4 4 6 12 6 6 3 6 10 6 2 4
split_gain=2.41583 2.04221 3.19338 1.90262 2.42523 3.08022 2.43068 4.19794 4.84177 3.66131 3.18009 3.19649 2.84843 5.07882
threshold=0.35000000000000003 0.052391728092794958 0.031811360112568653 -0.019363152838039795 2.6586863549620849 0.93500000000000016 0.91168999688753838 0.55584803767552371 0.0044195472085284118 0.98130295269986967 9.6850000000000005 1.0115054357590059 94.500000000000014 -0.072872586285028476
decision_type=8 10 10 10 8 10 10 10 10 10 10 10 10 10
left_child=1 2 -1 4 6 -6 7 8 -2 -8 11 -11 -9 -14
right_child=3 -3 -4 -5 5 -7 9 12 -10 10 -12 -13 13 -15
leaf_value=-0.019318027913833288 -0.02182157256238855 -0.040029587250167101 0.026636104146527059 0.0023320767925723482 -0.058275153633309477 -0.0082097876615603634 0.043166163209512769 -0.035708518038083961 0.051748874487767632 -0.056767042807962464 0.023353541156990901 -0.0026044929208320607 -0.03708813360886383 0.034598187506010819
leaf_weight=14.628651365637785 4.2966012060642225 6.3570967912673941 5.0978636741638175 312.22694107890129 4.5868252143263808 9.3035733401775342 5.2367067635059348 16.681556701660156 4.6637876927852631 2.8840135335922232 11.590775594115255 49.111449778079987 5.0246237218379974 4.8611045777797717
leaf_count=80 24 31 25 1392 22 39 24 90 23 14 48 229 23 22
internal_value=-0.000608848 -0.0153844 -0.00744224 0.000286457 -0.0051152 -0.0247421 -0.0025026 -0.0131237 0.0164711 0.00298021 -0.000329343 -0.00560871 -0.0231052 -0.00183785
internal_weight=456.552 26.0836 19.7265 430.468 118.241 13.8904 104.351 35.5277 8.96039 68.8229 63.5862 51.9955 26.5673 9.88573
internal_count=2086 136 105 1950 558 61 497 182 47 315 291 243 135 45
is_linear=0
shrinkage=0.05


Tree=69
num_leaves=15
num_cat=1
split_feature=13 0 3 10 3 3 4 10 11 10 4 12 11 4
split_gain=2.19845 2.84955 4.2888 4.83322 6.04304 3.97063 3.51357 3.23827 3.38407 2.6711 2.51895 2.42163 4.46753 2.34641
threshold=0.35000000000000003 0 -0.021496986646957639 17.110000000000003 -0.07773568497671958 -0.065137474183526417 0.21518306533278111 10.480000000000002 1.385 9.6850000000000005 -0.024860441323316839 1.9950000000000003 1.6050000000000002 -0.060571512676221261
decision_type=8 1 10 10 10 10 8 10 8 10 10 10 10 10
left_child=-1 2 3 4 10 -6 9 8 -7 11 -2 12 -4 -3
right_child=1 13 6 -5 5 7 -8 -9 -10 -11 -12 -13 -14 -15
leaf_value=-0.014730410985100107 -0.0067455754214364796 -0.0078745289188955903 -0.0040896060342314623 0.025142694658340455 -0.075250626678214388 0.015997051250799903 0.0429858937390847 -0.055074316096451817 -0.027279438579324078 0.0099796667667046719 0.042677208700696925 -0.021483520043130394 0.040705610179000574 0.0071424993828936318
leaf_weight=25.893769435584545 7.5462319031357765 30.828766949474812 108.67428205907345 6.3058028519153586 4.5430861413478807 6.0057444125413895 4.6616870164871207 7.0412376672029486 18.226278349757205 42.070105746388435 3.9160225093364698 18.084269255399704 5.8664809912443152 166.48791012167931
leaf_count=136 35 143 531 26 23 25 21 30 99 178 20 77 25 717
internal_value=-0.000580924 0.00027062 -0.00341622 -0.0159752 -0.0214594 -0.0315719 0.000145422 -0.0252267 -0.0165537 -0.000997764 0.0101395 -0.00447992 -0.00179531 0.00456489
internal_weight=456.152 430.258 232.941 53.5844 47.2786 35.8163 179.357 31.2733 24.232 174.695 11.4623 132.625 114.541 197.317
internal_count=2086 1950 1090 258 232 177 832 154 124 811 55 633 556 860
cat_boundaries=0 1
cat_threshold=33
is_linear=0
shrinkage=0.05


Tree=70
num_leaves=15
num_cat=0
split_feature=11 5 5 6 3 6 6 4 6 3 3 5 5 4
split_gain=2.71145 3.4656 5.26778 4.59513 2.46895 3.70026 2.64702 3.25838 2.05048 7.60288 6.16479 4.51567 6.50152 4.08031
threshold=2.4950000000000006 0.013846752161898198 0.029843268605686705 1.4765295102280296 -0.062064625333651612 1.2266605198620899 1.6654295701298467 0.036948056026631565 0.86153485946317854 0.088533348043360466 0.065634324503248687 0.0088133175317399708 0.0077565260898004003 -0.023191401445172278
decision_type=8 10 10 10 10 10 10 8 8 8 8 10 8 10
left_child=1 3 4 -1 -3 -6 -7 -8 9 10 13 12 -10 -2
right_child=8 2 -4 -5 5 6 7 -9 11 -11 -12 -13 -14 -15
leaf_value=-0.027501221283609736 -0.013801057725448419 0.057085345866695017 -0.017358221682616855 0.020060983532857683 0.045270788085948803 -0.0083562796219577261 -0.0011969377288040903 0.046017481440482573 -0.0061027467022738372 0.064243196598063268 -0.053789563332960477 -0.0013988328323384248 -0.058689102381328732 0.0080273998219859994
leaf_weight=12.104290395975115 26.924926295876503 5.0487968474626532 9.2821982800960523 8.7486886829137784 10.212612643837927 11.363805383443834 6.9042576253414181 7.7628055959939912 18.057987108826641 5.0072056502103797 4.8600674718618384 207.33355493098497 8.7140749096870405 104.49252767115831
leaf_count=52 140 21 40 36 43 47 29 33 86 22 22 949 44 482
internal_value=0.000675596 0.00960484 0.0166769 -0.00754691 0.0243277 0.0197645 0.00975771 0.0237921 -0.00102342 0.00373337 0.00151008 -0.00389418 -0.0232192 0.00355517
internal_weight=446.818 71.4275 50.5745 20.853 41.2923 36.2435 26.0309 14.6671 375.39 141.285 136.278 234.106 26.7721 131.417
internal_count=2046 301 213 88 173 152 109 62 1745 666 644 1079 130 622
is_linear=0
shrinkage=0.05


Tree=71
num_leaves=15
num_cat=2
split_feature=0 4 4 6 3 5 6 3 4 6 7 4 3 4
split_gain=3.03219 3.17591 3.58294 3.15293 6.85034 4.63975 3.95981 3.62419 3.59045 4.74 3.48704 4.89606 3.65691 3.68085
threshold=0 0.17333670038640955 0.1301029678497618 1.3569220958827113 0.088533348043360466 0.035606432795788949 0.89471988283791826 0.078318476899520525 0.015492678972992632 2.906516427836666 1 0.024522496347559385 0.051378593693263259 -0.075233679252018806
decision_type=1 10 8 8 10 8 8 8 10 8 9 10 8 10
left_child=1 2 -1 4 7 8 -6 10 -5 -10 -2 12 13 -12
right_child=3 -3 -4 5 6 -7 -8 -9 9 -11 11 -13 -14 -15
leaf_value=0.0067924246198022694 0.0064695691311378173 0.042454632377536806 -0.032431649800520483 -0.025349621193618194 0.065175994729059009 -0.044491396643321822 0.013176763779975984 -0.053589255979968026 -0.0046112667926365989 0.049151035499695933 -0.025574287025080369 -0.016836908952886118 -0.040789813104549932 0.010078951100477698
leaf_weight=137.81917762756348 82.558457016944885 5.936087802052497 6.0788188576698294 17.356683798134327 5.7533883005380604 9.4836477041244489 10.067858964204788 3.3508604764938346 32.280874729156494 4.69623939692974 8.2910174205899221 61.116078019142151 4.552846908569335 57.063196673989296
leaf_count=583 382 28 26 92 25 44 43 15 145 20 41 283 22 297
internal_value=0.000641369 0.00620015 0.00513545 -0.0022986 0.0003234 -0.0122217 0.0320863 -0.00199312 -0.0065892 0.00221676 -0.00118363 -0.00603883 0.00253752 0.00555588
internal_weight=446.405 149.834 143.898 296.571 232.754 63.8174 15.8212 216.932 54.3338 36.9771 213.582 131.023 69.9071 65.3542
internal_count=2046 637 609 1409 1108 301 68 1040 257 165 1025 643 360 338
cat_boundaries=0 1 2
cat_threshold=13 12
is_linear=0
shrinkage=0.05


Tree=72
num_leaves=15
num_cat=1
split_feature=0 4 4 5 5 5 5 3 5 12 3 11 3 4
split_gain=2.73174 2.90985 3.23381 2.93241 3.69494 3.93796 4.72296 4.16605 3.73705 3.40295 2.75973 2.57018 2.52159 2.74671
threshold=0 0.17333670038640955 0.1301029678497618 0.032032616051263098 0.024137718977534816 0.022309344309071819 0.020065772396198989 0.05567081236255534 0.017791358433533137 1.7350000000000001 -0.14535138972172065 2.6850000000000005 0.003672839025464919 -0.087671165301316037
decision_type=1 8 8 10 10 10 10 8 10 8 10 8 10 10
left_child=1 2 3 4 5 6 7 8 12 -8 -2 -10 13 -1
right_child=10 -3 -4 -5 -6 -7 9 -9 11 -11 -12 -13 -14 -15
leaf_value=-0.022608500841231477 -0.039044307855143102 0.04078494500190448 -0.030819849201643202 0.03171759678179701 -0.016730465194318034 0.049763192038312809 0.004673365085252709 0.054312446987136491 0.057367833044165789 -0.049111667827698928 -0.0016186101886615852 0.011730783650112859 -0.0076244339762294826 0.015747383382899147
leaf_weight=5.3498695492744366 5.0104430466890326 5.8718081116676322 6.076927736401557 10.599348813295363 17.87557378411293 5.3162604421377173 5.4953255504369736 4.9015032649040213 5.6150240153074265 6.3265073299407941 291.17094029486179 6.847167104482649 32.966713920235634 36.596958041191108
leaf_count=23 29 28 26 46 77 22 23 21 23 27 1380 29 137 155
internal_value=0.000615617 0.0058903 0.00487624 0.00644939 0.00434534 0.00778857 0.00564496 0.00945692 0.00694066 -0.0241099 -0.00217819 0.0322932 0.00272316 0.0108555
internal_weight=446.02 149.839 143.967 137.89 127.291 109.415 104.099 92.2772 87.3757 11.8218 296.181 12.4622 74.9135 41.9468
internal_count=2046 637 609 583 537 460 438 388 367 50 1409 52 315 178
cat_boundaries=0 1
cat_threshold=13
is_linear=0
shrinkage=0.05


Tree=73
num_leaves=15
num_cat=1
split_feature=0 6 5 4 6 4 4 4 4 4 4 4 4 13
split_gain=2.46789 2.84205 4.19565 3.2747 4.24758 2.66579 2.92309 2.33236 4.15961 3.70215 9.35178 4.25889 3.40643 3.76241
threshold=0 1.3569220958827113 0.035606432795788949 0.015492678972992632 2.906516427836666 0.17333670038640955 0.13511027519978946 0.30878550744622185 0.13867305911475983 0.10734701320197586 0.10191600147325096 0.051723082254852115 0.039130689635341193 0.35000000000000003
decision_type=1 8 8 10 8 8 10 8 10 10 8 10 10 8
left_child=5 7 3 -3 -5 6 -1 8 9 10 11 12 13 -2
right_child=1 2 -4 4 -6 -7 -8 -9 -10 -11 -12 -13 -14 -15
leaf_value=0.0060723986400961555 -0.026390689950864743 -0.024243152934788768 -0.042478334260311376 -0.0042944988001763114 0.046456813989894631 0.03918830391292099 -0.030692219722055859 -0.03166553038916637 0.020161015490594247 -0.027506215143697662 0.076409033537310725 -0.017210769452649134 0.024281509078329738 0.0025401139127159884
leaf_weight=138.26174095273018 12.369415834546087 17.141493998467922 9.3349466845393163 32.227471694350243 4.7275258153676978 5.8071599453687659 5.626595437526702 5.5298963636159888 25.6546730697155 12.556107833981512 3.9753181189298621 33.569627434015274 16.014002233743668 122.85123986750841
leaf_count=585 68 92 44 145 20 28 24 26 110 54 17 156 73 604
internal_value=0.000585191 -0.00207115 -0.0115222 -0.00618042 0.00219794 0.00560104 0.00463476 0.000418029 0.00119964 -0.00121646 0.000532123 -0.00110006 0.00247604 -0.000106354
internal_weight=445.647 295.952 63.4314 54.0965 36.955 149.695 143.888 232.52 226.99 201.336 188.78 184.804 151.235 135.221
internal_count=2046 1409 301 257 165 637 609 1108 1082 972 918 901 745 672
cat_boundaries=0 1
cat_threshold=13
is_linear=0
shrinkage=0.05


Tree=74
num_leaves=15
num_cat=1
split_feature=0 6 3 6 6 5 3 4 4 4 4 4 3 4
split_gain=2.22971 2.59705 6.48323 3.06513 2.95258 2.8437 2.85933 2.62131 4.21006 2.79431 3.36346 2.87762 4.65896 7.91779
threshold=0 1.2689022223501518 0.088533348043360466 0.89471988283791826 1.2322307827577454 0.037116950173105727 -0.049539494091049123 0.30878550744622185 0.24721858086439893 0.051723082254852115 0.065767994127863993 0.039130689635341193 -0.052618093327139737 -0.075233679252018806
decision_type=1 8 10 8 8 8 10 8 8 10 10 10 10 10
left_child=-1 2 4 -4 7 -3 -7 8 9 11 -11 12 13 -2
right_child=1 5 3 -5 -6 6 -8 -9 -10 10 -12 -13 -14 -15
leaf_value=0.0053217433093409559 -0.021534443582628487 -0.0060167899335782198 0.061657944276189661 0.014042971766977358 0.034202982125350279 -0.00017474352041809831 -0.053172420286638072 -0.051395561307565153 0.06503873921820412 -0.039347859216267649 -0.0065479018906300221 0.022472311403084956 -0.0055986206857099232 0.043924118958691243
leaf_weight=149.681859344244 7.1591375321149853 67.070941232144833 5.7704250514507267 8.1585874259471893 5.6333795487880698 4.042645201086998 6.869905009865759 2.7043570578098288 2.3258627951145163 9.3509913533925992 47.610742047429085 14.304935514926909 101.47856371104717 13.023568518459795
leaf_count=637 33 318 25 35 26 22 30 14 10 44 214 65 511 62
internal_value=0.000554988 -0.00197285 0.000766984 0.0337686 -0.00149087 -0.00986808 -0.033539 -0.00250663 -0.00182949 -0.00263563 -0.0119324 0.00125918 -0.00123506 0.0207049
internal_weight=445.186 295.504 217.521 13.929 203.592 77.9835 10.9126 197.958 195.254 192.928 56.9617 135.966 121.661 20.1827
internal_count=2046 1409 1039 60 979 370 52 953 939 929 258 671 606 95
cat_boundaries=0 1
cat_threshold=13
is_linear=0
shrinkage=0.05


Tree=75
num_leaves=15
num_cat=0
split_feature=6 3 6 5 3 11 1 11 6 5 1 5 5 10
split_gain=2.59243 4.27606 4.38026 3.79488 4.22577 3.16498 3.18948 3.02926 2.72639 2.20385 3.47194 2.20484 7.46567 3.45936
threshold=1.6985829608778893 -0.022226186124100041 1.8343833383631731 0.0092597921259964678 0.040734659226042864 0.52500000000000013 2.5000000000000004 1.0000000000000002 1.1851028279905578 0.04954864227218455 2.5000000000000004 0.019675179705810179 0.019098663681308064 10.695000000000002
decision_type=10 10 10 10 10 10 10 8 10 10 10 8 8 10
left_child=7 2 -2 -3 -5 6 -4 8 -1 11 -11 12 13 -9
right_child=1 3 5 4 -6 -7 -8 9 -10 10 -12 -13 -14 -15
leaf_value=-0.0025554055573285906 0.037420830149466115 -0.024581209259137107 -0.05355125259015845 0.033441683451240101 0.0023465520227577744 -0.00065379325516974423 0.0018671740238639812 -0.0029608276573429527 -0.041322936815895196 0.042545515147523222 -0.0056403876627826718 -0.0076732726527895716 0.060727543265429521 0.022649278004491073
leaf_weight=8.6333381384611148 4.6856683492660514 5.1854732334613791 7.6726433187723178 26.429052144289017 18.626246199011803 16.362304747104645 3.9241311848163605 171.31736562401056 9.553863510489462 6.9810428917407981 8.0478177666664106 137.14651208370924 5.0328727662563315 14.285540059208868
leaf_count=36 21 25 35 115 83 68 21 811 40 30 37 639 23 60
internal_value=-0.00120411 0.00677037 -0.00731844 0.0159248 0.0205867 -0.0148163 -0.0347987 -0.00303505 -0.0229203 -0.00198008 0.0167424 -0.00283851 0.000639701 -0.000989661
internal_weight=443.884 82.8855 32.6447 50.2408 45.0553 27.9591 11.5968 360.998 18.1872 342.811 15.0289 327.782 190.636 185.603
internal_count=2044 368 145 223 198 124 56 1676 76 1600 67 1533 894 871
is_linear=0
shrinkage=0.05


Tree=76
num_leaves=15
num_cat=1
split_feature=12 5 12 11 6 3 12 11 6 0 5 3 3 6
split_gain=2.50531 2.6547 3.4106 2.03232 2.50378 5.45658 7.65707 4.18012 5.13426 3.73858 3.63856 4.55001 2.57184 2.41599
threshold=3.3750000000000004 0.018417879502357012 4.4650000000000007 3.1700000000000004 1.6872722030015566 -0.015426404485793263 0.94500000000000006 0.52500000000000013 2.5549785188179448 0 0.0092597921259964678 0.015035139723480086 -0.097494306333406777 2.6586863549620849
decision_type=10 10 8 10 10 10 10 10 10 1 10 8 10 10
left_child=3 2 -2 4 9 7 10 8 -6 -1 -7 -12 -11 -9
right_child=1 -3 -4 -5 5 6 -8 13 -10 12 11 -13 -14 -15
leaf_value=0.001759653132230341 0.06294398097377403 -0.0046785779553768685 0.0080221418135014416 -0.029182381993714836 -0.0084195994015636329 -0.036536838251918974 0.055504529154004112 0.028414348217817999 -0.071694580893639268 0.035222707258494884 0.046244324351061454 0.0010339631800404664 -0.0099611426673846051 -0.0093463227681810056
leaf_weight=178.32595496624708 4.9863301515579224 8.7915362268686277 6.5265361070632952 6.7513031810522071 10.137532383203508 4.288420543074607 10.458979636430739 7.7808819115161922 4.6887016072869292 3.2128136381506911 7.527744114398959 21.345722377300262 159.37559734284878 9.2978802323341352
leaf_count=801 21 39 28 29 50 21 45 32 24 16 34 92 773 39
internal_value=-0.001146 0.0160105 0.0318093 -0.00196915 -0.00152797 0.00670897 0.0182028 -0.00900551 -0.0284299 -0.00335278 0.00643814 0.012821 -0.00854286 0.00785699
internal_weight=443.496 20.3044 11.5129 423.192 416.44 75.5259 43.6209 31.905 14.8262 340.914 33.1619 28.8735 162.588 17.0788
internal_count=2044 88 49 1956 1927 337 192 145 74 1590 147 126 789 71
cat_boundaries=0 1
cat_threshold=26
is_linear=0
shrinkage=0.05


Tree=77
num_leaves=15
num_cat=0
split_feature=5 5 11 3 5 5 11 5 6 6 3 6 5 3
split_gain=2.29815 5.97174 4.65191 4.86614 3.27223 5.72644 5.5979 4.18438 3.46134 4.5894 3.45579 3.9431 3.31537 3.01322
threshold=0.019675179705810179 0.019098663681308064 3.1850000000000005 -0.0074398898730914176 0.017264964162362846 0.015084826593835228 1.9100000000000001 0.015664976113955207 1.3010101699185699 0.72520948035673471 0.035713645249425968 0.86153485946317854 0.014709397102249255 0.028661395392217081
decision_type=8 8 10 10 10 10 8 10 10 10 10 10 10 10
left_child=1 2 4 -4 5 10 -7 -8 9 -9 12 -12 13 -1
right_child=-2 -3 3 -5 -6 6 7 8 -10 -11 11 -13 -14 -15
leaf_value=-0.0022015143349168099 -0.0051183155188907316 0.048050020592728976 0.067300429338342932 0.0065765523336296025 -0.016961767338819555 0.065826396553358854 0.047591615398458048 0.024494954498074629 0.026973910345913517 -0.030080104813342626 0.050533185565280608 0.0032211830096327402 -0.043097797985963082 -0.032123371299117465
leaf_weight=120.30892290920019 196.71773678809404 6.8822446614503852 5.1559972912073126 9.1611420810222608 27.941433951258659 5.4222424179315567 6.2793171778321257 5.8920595347881379 9.1308175772428495 11.126827441155909 5.7999225854873684 18.295991510152817 5.7492546215653411 9.0464933067560178
leaf_count=568 904 31 21 40 129 23 30 29 39 54 26 80 28 42
internal_value=-0.00108913 0.00213035 0.000809759 0.0284449 -0.000948765 0.00132184 0.0188024 0.0109398 0.00213859 -0.0111858 -0.0028343 0.0146093 -0.00594536 -0.0042941
internal_weight=442.91 246.193 239.31 14.3171 224.993 197.052 37.8513 32.429 26.1497 17.0189 159.201 24.0959 135.105 129.355
internal_count=2044 1140 1109 61 1048 919 175 152 122 83 744 106 638 610
is_linear=0
shrinkage=0.05


Tree=78
num_leaves=15
num_cat=0
split_feature=12 3 10 12 6 3 1 4 4 4 1 3 4 6
split_gain=2.08806 2.25166 1.84995 2.52411 3.35749 4.80096 7.0269 5.47664 3.05533 6.10579 3.26809 3.14313 3.21087 3.04353
threshold=4.9300000000000006 -0.0083551632703057089 41.015000000000008 0.93500000000000016 2.1203292785374122 -0.015426404485793263 7.5000000000000009 -0.045539729529614208 -0.055140427347580574 -0.068465418670133157 1.5000000000000002 -0.053861703329095637 0.035885092350795296 0.92000781073607174
decision_type=10 10 10 8 10 10 8 10 10 8 8 10 8 10
left_child=2 -2 3 -1 8 7 -7 -6 9 10 -5 12 -10 -14
right_child=1 -3 -4 4 5 6 -8 -9 11 -11 -12 -13 13 -15
leaf_value=-0.015821954818629618 0.043639096846601631 -0.0029911182409076177 0.02384821046796089 0.031606120510606628 0.020814964654295286 -0.0029552342163323021 0.055960024496883913 -0.037555812175045264 0.028644725916946674 -0.045402274129814672 -0.0103474376365914 -0.002157624959073541 -0.03390314993876279 0.020480590114508781
leaf_weight=30.607371374964714 5.3648281395435333 5.0031896680593473 7.0422619953751555 5.4851740300655356 8.4625841528177279 9.1639565080404299 11.304424703121184 7.6521529257297507 17.336413972079754 11.789011068642138 30.194172188639641 282.76421158015728 5.1266454905271548 5.1640574336051941
leaf_count=130 22 23 31 25 37 41 48 37 82 61 145 1313 24 25
internal_value=-0.00103683 0.0211372 -0.00156889 -0.00199001 -0.000916696 0.0135111 0.0295829 -0.00690265 -0.00239162 -0.0142056 -0.0038977 -0.000584903 0.0155119 -0.00661242
internal_weight=442.46 10.368 432.092 425.05 394.443 36.5831 20.4684 16.1147 357.86 47.4684 35.6793 310.391 27.6271 10.2907
internal_count=2044 45 1999 1968 1838 163 89 74 1675 231 170 1444 131 49
is_linear=0
shrinkage=0.05


Tree=79
num_leaves=15
num_cat=0
split_feature=5 5 11 3 5 5 6 12 5 11 3 3 3 5
split_gain=2.11247 5.31026 4.02207 4.15915 2.98812 5.37146 7.53369 4.54779 4.54725 3.92499 3.86203 3.51089 3.26274 3.77108
threshold=0.019675179705810179 0.019098663681308064 3.1850000000000005 -0.0074398898730914176 0.017264964162362846 0.013755224276268985 1.056442657110608 1.405 0.011647048630475795 2.1250000000000004 -0.0012647664954183559 0.040734659226042864 0.034955218993732558 0.012131996461325747
decision_type=8 8 10 10 10 10 10 8 10 8 10 10 10 10
left_child=1 2 4 -4 5 7 -7 8 -1 -8 -11 -12 13 -9
right_child=-2 -3 3 -5 -6 6 9 12 -10 10 11 -13 -14 -15
leaf_value=-0.010680532125384548 -0.0048531997753265164 0.045225899809478436 0.062433316075663194 0.0063027938490142713 -0.016134449161073938 -0.0048355954670994327 0.054874234276249226 0.00023498657300424368 -0.070822498260595196 -0.0070974154773484734 0.052884901000209296 0.0036265956368895405 0.020153582285949819 -0.024016870801054788
leaf_weight=9.0439343303441984 196.38635314255953 6.9373829364776602 5.1623462736606589 9.1493487358093244 27.794268593192101 31.280284598469734 10.296600475907324 81.267823122441769 4.8168637156486502 9.3946930319070816 9.2773004472255689 5.929429031908513 15.401344344019888 19.967840924859047
leaf_count=38 904 31 21 40 129 151 44 392 20 43 40 27 68 96
internal_value=-0.000987156 0.0021027 0.000849835 0.0265495 -0.000788717 0.00137994 0.0129833 -0.00450438 -0.0315809 0.028955 0.0181069 0.033678 -0.00128669 -0.00454848
internal_weight=442.106 245.719 238.782 14.3117 224.47 196.676 66.1783 130.498 13.8608 34.898 24.6014 15.2067 116.637 101.236
internal_count=2044 1140 1109 61 1048 919 305 614 58 154 110 67 556 488
is_linear=0
shrinkage=0.05


Tree=80
num_leaves=15
num_cat=1
split_feature=9 3 3 1 4 3 4 10 3 0 3 4 3 3
split_gain=1.96677 1.97459 4.35153 3.23109 4.41598 3.55038 2.34439 1.95667 5.6268 1.80238 7.22943 3.55817 3.14442 2.96236
threshold=0.87550000000000006 -0.082318383420725547 -0.07773568497671958 3.5000000000000004 -0.031170330150217324 -0.097494306333406777 -0.13429019270241102 22.170000000000005 0.0044195472085284118 0 -0.040317036458107136 0.19191714487456499 -0.065137474183526417 0.10275951623169946
decision_type=10 10 10 10 10 8 8 10 8 1 10 10 10 8
left_child=1 3 -3 4 5 6 -1 9 -9 10 -4 12 -11 -14
right_child=-2 2 7 -5 -6 -7 -8 8 -10 11 -12 -13 13 -15
leaf_value=0.020143806756246937 0.026181110931825003 0.043202417186482572 0.03392568380847312 -0.03455928543354031 0.034178992934299733 -0.053630279178963659 -0.021747592995883289 0.051293691429379007 -0.010117247122344349 -0.040463159938743429 -0.00019004012135836009 0.030430163720694028 -0.0031368943546753662 -0.043017477063473024
leaf_weight=6.4252953976392746 7.1210111677646628 5.9285056293010703 17.158927217125893 10.725277401506899 6.3590819686651257 4.3497465215623405 6.9548636525869352 6.8236154168844205 8.2273566946387273 6.166565313935279 163.44578426331282 7.2148255109786978 180.05062103271484 4.7800648957490912
leaf_count=29 31 26 75 59 28 21 33 28 37 30 726 33 856 22
internal_value=0.000116795 -0.000310264 0.000684265 -0.0117311 -0.00156722 -0.0143881 -0.0016309 4.42809e-05 0.0177245 -0.000658179 0.00289115 -0.00384414 -0.0053401 -0.00416828
internal_weight=441.732 434.611 399.796 34.8143 24.089 17.7299 13.3802 393.868 15.051 378.817 180.605 198.212 190.997 184.831
internal_count=2034 2003 1833 170 111 83 62 1807 65 1742 801 941 908 878
cat_boundaries=0 1
cat_threshold=26
is_linear=0
shrinkage=0.05


Tree=81
num_leaves=15
num_cat=1
split_feature=6 10 10 3 3 5 5 3 3 6 8 12 6 6
split_gain=2.5555 4.45456 3.02825 6.34512 1.81283 5.92169 6.69262 5.59691 2.397 3.63373 3.22463 3.10268 2.54921 2.57448
threshold=3.5669237829026375 8.5800000000000018 22.170000000000005 0.0044195472085284118 -0.082318383420725547 0.060100255625010916 0.042122607715962553 -0.07773568497671958 -0.03847676122696652 2.0473303698461609 0 1.0050000000000001 0.95387387011924318 1.1949638755305354
decision_type=8 10 10 10 10 8 8 10 10 10 9 10 10 8
left_child=2 -2 4 -4 5 6 -1 -6 9 10 -9 12 -12 -14
right_child=1 -3 3 -5 7 -7 -8 8 -10 -11 11 -13 13 -15
leaf_value=-0.0061943880217738547 0.0026746209318224672 -0.052056267883182364 0.059640505962759154 -0.0066824126600347937 0.052925346088108352 0.043784300209093158 -0.063166317034386701 -0.017294896174745347 -0.0010825301960253502 -0.023973169064043353 0.012228069281411982 -0.010600655485995135 0.074812902147138913 0.03024150196415696
leaf_weight=22.881797589361671 8.9952486343681795 6.3367306292057028 6.5702618211507779 7.9937706887722015 5.12536397576332 4.2981958240270606 6.653809741139411 5.4283569976687431 332.09639433771372 6.038618490099906 9.5370090752840095 5.1272047013044348 4.93932172656059 9.4157950282096863
leaf_count=113 41 28 27 36 22 19 34 34 1528 26 42 22 21 41
internal_value=0.000109724 -0.0199457 0.000831352 0.0232378 3.84115e-05 -0.0110494 -0.0190291 0.00103162 0.00031775 0.0118038 0.0180754 0.0246918 0.0322655 0.0455777
internal_weight=441.438 15.332 426.106 14.564 411.542 33.8338 29.5356 377.708 372.583 40.4863 34.4477 29.0193 23.8921 14.3551
internal_count=2034 69 1965 63 1902 166 147 1736 1714 186 160 126 104 62
cat_boundaries=0 1
cat_threshold=1
is_linear=0
shrinkage=0.05


Tree=82
num_leaves=15
num_cat=1
split_feature=5 4 4 3 1 4 3 3 3 3 7 5 3 3
split_gain=1.68961 1.56543 4.69866 3.59201 1.69586 2.85317 3.26336 5.21369 2.44487 4.02845 2.23941 3.42468 3.84844 2.85309
threshold=0.0050106190911465209 0.30878550744622185 0.22218236120065762 0.088533348043360466 3.5000000000000004 -0.084396558733220148 -0.082318383420725547 -0.052618093327139737 0.093647794714145458 0.083432069510268617 0 0.0097707928762912049 -0.028567790436444872 0.0031823723197321237
decision_type=10 10 10 10 10 10 10 10 10 8 9 10 10 10
left_child=-1 2 4 -4 8 -6 -7 -8 9 -2 -9 13 -13 -12
right_child=1 -3 3 -5 5 6 7 10 -10 -11 11 12 -14 -15
leaf_value=-0.036483722768902979 0.0024430927192269081 -0.019823684239447251 0.0073335632136881978 0.058955873186956526 0.021966656432624472 -0.03535752590148597 0.039496907269948672 0.0012827360024506133 -0.025844003089235762 0.055925763257789335 0.047060445591741468 -0.065678047450422175 -0.014471608304354098 -0.0066814349045083172
leaf_weight=3.1331840790808192 245.54545924812555 9.3963114917278272 7.822687014937399 5.9199227541685104 9.764098256826399 8.8624274879693967 6.5455630719661704 63.247546873986721 7.4575174748897544 3.5721071958541861 3.8871817290782911 3.929908424615852 55.316818237304695 6.772069126367569
leaf_count=15 1095 43 34 25 48 48 32 281 34 16 21 23 285 34
internal_value=0.000102919 0.000364613 0.000807162 0.029571 -0.000145572 -0.00421491 -0.00593568 -0.00406917 0.00236551 0.00320998 -0.0062108 -0.0115254 -0.0178682 0.012917
internal_weight=441.173 438.04 428.643 13.7426 414.901 158.326 148.562 139.699 256.575 249.118 133.154 69.906 59.2467 10.6593
internal_count=2034 2019 1976 59 1917 772 724 676 1145 1111 644 363 308 55
cat_boundaries=0 1
cat_threshold=9
is_linear=0
shrinkage=0.05


Tree=83
num_leaves=15
num_cat=0
split_feature=6 10 10 3 9 3 3 5 5 3 3 3 1 5
split_gain=2.33473 4.10601 2.72585 5.73107 1.74409 2.02448 4.90736 4.73455 5.1702 1.8623 3.90922 1.48674 4.49038 6.72484
threshold=3.5669237829026375 8.5800000000000018 22.170000000000005 0.0044195472085284118 0.87550000000000006 -0.082318383420725547 -0.07773568497671958 0.060100255625010916 0.042122607715962553 -0.10987520828163218 -0.091215676922159719 -0.032060251816560977 6.5000000000000009 0.017411829035029591
decision_type=8 10 10 8 10 10 10 10 8 8 8 10 8 10
left_child=2 -2 4 -4 5 7 -7 8 9 -1 -11 12 -8 -14
right_child=1 -3 3 -5 -6 6 11 -9 -10 10 -12 -13 13 -15
leaf_value=-0.026268580105778979 0.002549769026768017 -0.050147319567464516 0.056758217887420095 -0.0063235857322006747 0.024531084323470755 0.048990691923947866 0.023303846166528773 0.03730300134980627 -0.061156058700107742 0.030625232484155808 -0.027293782979718274 -0.0012915416062761849 0.02190798696490388 -0.031900003339195189
leaf_weight=8.5256527438759786 8.9923252761363965 6.27657626569271 6.5452080368995649 8.0030245184898359 7.1395538598299018 5.1690774112939826 24.158324390649796 4.0816385000944129 6.0455758199095717 6.4398234486579895 5.3200547993183225 320.67035526037216 10.652814745903017 12.764314167201517
leaf_count=45 41 28 27 36 31 22 114 18 32 31 26 1475 48 60
internal_value=9.76795e-05 -0.0191124 0.000787 0.0220567 3.40518e-05 -0.000399049 0.000611276 -0.0128041 -0.0205712 -0.008476 0.00442323 -6.78274e-05 0.00818031 -0.00742191
internal_weight=440.784 15.2689 425.515 14.5482 410.967 403.828 373.415 30.4127 26.3311 20.2855 11.7599 368.246 47.5755 23.4171
internal_count=2034 69 1965 63 1902 1871 1719 152 134 102 57 1697 222 108
is_linear=0
shrinkage=0.05


Tree=84
num_leaves=15
num_cat=0
split_feature=6 10 10 6 1 5 5 6 6 6 11 12 2 6
split_gain=2.11539 3.75599 2.46524 2.48785 1.54876 2.7453 4.46249 1.74975 4.69064 2.61958 3.88802 3.91006 3.50596 1.61631
threshold=3.5669237829026375 8.5800000000000018 22.170000000000005 1.3800778143961039 3.5000000000000004 0.056456716060347197 0.039609203509222875 3.015686915869169 2.6586863549620849 1.8708709803981092 1.9100000000000001 0.95500000000000007 inf 0.53150765335483963
decision_type=8 10 10 10 8 8 10 8 8 10 10 8 8 10
left_child=2 -2 4 -4 5 6 -1 8 9 13 11 -11 -13 -6
right_child=1 -3 3 -5 7 -7 -8 -9 -10 10 -12 12 -14 -15
leaf_value=0.007659608181441846 0.0024210001992420521 -0.048120230979740497 -0.0052006517378988155 0.037339471903207688 0.0096838807490483691 0.040191256570940491 -0.029872908861927096 0.025307667172169365 -0.045847755132819419 -0.0074797076328778182 -0.017756268696029819 0.01074717793993161 0.059417668851695839 -0.0038807258242680707
leaf_weight=73.823074527084827 8.9969583228230459 6.2154982089996329 5.5822626799345008 8.9428071752190572 24.012143321335316 5.4752908945083609 8.8712598681449872 5.9418714493513098 6.0051186829805365 6.9140886068344116 7.6555480211973181 6.6170677542686507 8.3936903774738312 257.08194095641375
leaf_count=335 41 28 24 39 119 23 41 25 26 29 33 32 38 1201
internal_value=9.12584e-05 -0.0182291 0.000746531 0.0209905 3.0729e-05 0.00590344 0.00363321 -0.00157423 -0.00207862 -0.00123259 0.0129207 0.0236322 0.0379627 -0.00272198
internal_weight=440.529 15.2125 425.316 14.5251 410.791 88.1696 82.6943 322.621 316.68 310.674 29.5804 21.9248 15.0108 281.094
internal_count=2034 69 1965 63 1902 399 376 1503 1478 1452 132 99 70 1320
is_linear=0
shrinkage=0.05


Tree=85
num_leaves=15
num_cat=0
split_feature=12 5 5 10 10 5 10 10 3 3 6 6 6 6
split_gain=1.95367 4.67878 2.52648 2.01373 2.12385 3.46377 3.08798 2.7011 2.41277 4.97173 3.74089 3.80108 5.06641 3.01684
threshold=0.93500000000000016 0.025373041867818722 0.0193645811055955 5.6350000000000007 10.405000000000003 0.020065772396198989 8.7750000000000004 12.735000000000001 -0.052618093327139737 -0.060035272710737435 1.7900192831974073 0.67091289851819269 0.77409226395446795 1.4865626316422844
decision_type=8 10 10 8 10 10 10 8 8 8 10 10 10 8
left_child=1 2 -1 -2 6 7 8 -6 9 10 11 -5 -13 -14
right_child=3 -3 -4 4 5 -7 -8 -9 -10 -11 -12 12 13 -15
leaf_value=-0.0098424293332699791 0.026873381160409528 -0.04158420272209383 0.025287475696405232 -0.03534632369384267 0.048819434280340412 -0.0090778539321453855 -0.029180103681502895 0.012377535042372885 -0.0014645528775749173 0.060187907484946346 -0.024163524304388635 0.067831157180954768 0.0032301382807057837 0.043739968553277803
leaf_weight=18.503676220774654 7.4834552705287933 9.2721606045961362 7.074889361858367 3.8798480331897727 7.1854126304388046 12.759604200720785 9.1254032254219037 17.393951915204529 303.51929812133312 4.5188663601875296 8.8019614964723569 4.2807846665382376 27.449896916747093 5.5201359987258902
leaf_count=78 32 41 30 21 30 57 40 75 1423 21 42 19 132 26
internal_value=0.000211321 -0.0111559 -0.000125692 0.00117305 0.000697507 0.0120585 -0.00045807 0.0230308 0.000274113 0.00996565 0.00542057 0.0117516 0.016657 0.0100127
internal_weight=446.769 34.8507 25.5786 411.919 404.435 37.339 367.096 24.5794 357.971 54.4515 49.9326 41.1307 37.2508 32.97
internal_count=2067 149 108 1918 1886 162 1724 105 1684 261 240 198 177 158
is_linear=0
shrinkage=0.05


Tree=86
num_leaves=15
num_cat=0
split_feature=12 3 4 3 6 4 4 3 4 3 6 6 6 6
split_gain=1.7673 3.4483 5.11388 3.01268 3.40326 1.94617 2.37796 2.15412 3.81393 3.62683 3.1495 5.97198 2.95739 2.86671
threshold=0.93500000000000016 -0.044788802190338296 0.091308133578018313 0.016709778345432216 1.5549136034228102 0.40749362726401606 0.27198508889415746 -0.052618093327139737 -0.10503623535068596 -0.048557312353012978 0.66449254575413919 0.77409226395446795 1.0630644607045607 1.9914260886556823
decision_type=8 10 10 10 10 8 8 10 10 10 10 10 10 10
left_child=1 -1 3 4 -3 6 7 10 12 -10 -2 -12 -9 -11
right_child=5 2 -4 -5 -6 -7 -8 8 9 13 11 -13 -14 -15
leaf_value=-0.038647934816505865 -0.034088040086641964 -0.028864286000471823 -0.039158893860626605 0.03386798980460641 0.026958861656432992 -0.029233406437357119 0.031046709087261499 0.061949301381842431 -0.050433877612417827 -0.0023370846536738292 0.061373889588651621 0.0072848227677994358 0.0051684560908146753 0.013836713829105576
leaf_weight=8.3435884714126569 3.8233716860413542 6.5899586826562935 6.795948013663291 8.3768214881420118 4.6616200804710388 5.2161453217267981 6.6988386511802664 4.2297337651252729 3.7296081110835066 297.5349285453558 5.6861526668071738 49.773383989930153 5.0088413506746292 30.175317831337452
leaf_count=37 21 28 29 35 20 26 29 20 18 1389 25 234 22 134
internal_value=0.000199918 -0.0106253 -0.00177708 0.0111656 -0.0057363 0.00111372 0.00150297 0.00100815 -0.000522542 -0.00140579 0.00980452 0.0128305 0.0311647 -0.000847813
internal_weight=446.644 34.7679 26.4243 19.6284 11.2516 411.876 406.66 399.961 340.678 331.44 59.2829 55.4595 9.23858 327.71
internal_count=2067 149 112 83 48 1918 1892 1863 1583 1541 280 259 42 1523
is_linear=0
shrinkage=0.05


Tree=87
num_leaves=15
num_cat=0
split_feature=11 5 12 5 10 10 10 5 11 4 10 4 5 5
split_gain=1.61091 2.7865 2.6238 2.06227 3.62314 1.8101 1.72181 3.99437 3.8972 3.50561 3.9895 2.77987 1.86052 1.82566
threshold=1.0200000000000002 0.025373041867818722 0.66500000000000015 0.0193645811055955 10.320000000000002 5.6350000000000007 10.405000000000003 0.020065772396198989 2.7050000000000005 0.076668727391507263 12.735000000000001 0.033560417755306736 0.0057371371065369188 0.009205824185607123
decision_type=8 10 10 10 10 8 10 10 10 10 8 10 8 10
left_child=1 2 3 4 -1 -2 8 9 12 10 -8 -12 -7 -14
right_child=5 -3 -4 -5 -6 6 7 -9 -10 -11 11 -13 13 -15
leaf_value=0.028012934035593979 0.025381751563100408 -0.035464307524408017 -0.024217738536219849 0.03817965430053552 -0.030124195307461979 0.023832661782324491 0.044762429646788567 -0.011220404022016864 -0.026302914034957756 0.060463030421493313 0.013995354603725613 -0.033262941506472868 -0.0098810156556230974 0.0013187430738253213
leaf_weight=5.25214831531048 7.4907176792621613 8.3388497680425626 8.4817842841148359 4.6625965088605872 5.4719383269548416 8.3718564510345441 6.7516997009515762 13.704450830817221 14.056726723909376 4.8587502017617217 9.1289910227060371 4.7210059463977805 41.336281858384609 303.87897904217243
leaf_count=22 32 37 36 20 23 38 28 61 60 23 38 20 198 1431
internal_value=0.000188876 -0.0105825 -0.00188965 0.0104185 -0.00165139 0.00102624 0.000577769 0.0105441 -0.000483934 0.0222591 0.013249 -0.00211344 0.00054249 -2.23227e-05
internal_weight=446.507 32.2073 23.8685 15.3867 10.7241 414.299 406.809 39.1649 367.644 25.4604 20.6017 13.85 353.587 345.215
internal_count=2067 138 101 65 45 1929 1897 170 1727 109 86 58 1667 1629
is_linear=0
shrinkage=0.05


Tree=88
num_leaves=15
num_cat=0
split_feature=9 11 4 3 13 13 4 3 3 4 3 3 6 11
split_gain=1.50763 1.54743 2.25831 4.73823 1.67603 2.34091 3.45459 4.87717 2.32138 3.38309 1.98829 5.45547 3.325 3.37249
threshold=0.95500000000000007 1.0200000000000002 0.091308133578018313 0.016709778345432216 0.35000000000000003 0.45000000000000007 0.024522496347559385 -0.0037889315933091849 -0.020294602452095582 0.04080412917071672 -0.029509862378690147 -0.018398889602084991 1.7900192831974073 2.7650000000000001
decision_type=10 8 8 10 8 8 8 10 10 8 8 10 10 8
left_child=1 2 3 -1 8 6 7 -6 -3 -10 12 -12 -7 -14
right_child=-2 4 -4 -5 5 10 -8 -9 9 -11 11 -13 13 -15
leaf_value=-0.01771897680281315 -0.027507061606693202 0.016018124597770456 -0.035785019247222445 0.029020206735190908 0.0021689880429000569 0.013160772447953424 -0.0071573340793824811 0.058405285131601363 -0.037972159967334516 0.0066107295152203933 -0.025622167059360997 0.0010343031363609469 0.015114743282517504 -0.027631505560645555
leaf_weight=17.508684188127521 4.8633361309766761 5.74816766381264 6.7506117522716513 7.8551748096942893 7.4001374393701544 65.435015857219696 9.2578716725111025 8.0488852411508542 10.866072960197922 6.9940583705902144 20.752149313688278 255.64546524733305 7.7010716050863266 11.511322021484377
leaf_count=76 21 29 29 33 34 315 39 33 63 34 104 1169 33 55
internal_value=0.000179605 0.000484605 -0.0100842 -0.00324387 0.00131373 0.0021052 0.0169947 0.0314679 -0.0116187 -0.0205134 0.00108629 -0.000967086 0.00779114 -0.0104972
internal_weight=446.338 441.475 32.1145 25.3639 409.36 385.752 24.7069 15.449 23.6083 17.8601 361.045 276.398 84.6474 19.2124
internal_count=2067 2046 138 109 1908 1782 106 67 126 97 1676 1273 403 88
is_linear=0
shrinkage=0.05


Tree=89
num_leaves=15
num_cat=0
split_feature=12 6 4 6 3 4 4 11 4 3 4 4 4 4
split_gain=1.31988 3.34339 3.9681 3.66156 4.7066 1.78157 2.12975 1.88505 2.47272 2.31087 3.45974 3.5308 3.25866 3.3348
threshold=0.93500000000000016 2.2551078442792178 0.098317220177177381 1.5464205815381267 0.015341069172097625 0.40749362726401606 0.27198508889415746 1.5450000000000002 0.035885092350795296 -0.052618093327139737 -0.10503623535068596 -0.053035188581627445 -0.043065969891979659 -0.033652806447850445
decision_type=8 10 8 8 10 8 8 8 8 10 10 10 10 10
left_child=1 2 3 4 -1 6 7 8 -2 -9 -11 -12 -13 -14
right_child=5 -3 -4 -5 -6 -7 -8 9 -10 10 11 12 13 -15
leaf_value=-0.029648325993755765 0.002524695442749181 -0.034735067426933997 -0.040277132437226588 0.042911406501573698 0.027978555468072958 -0.028200266162057893 0.029231123198765554 0.0095313742345960774 0.044519130745555982 0.030782422059625128 -0.022281577617116854 0.032739005879900078 -0.028639612808434751 -0.00061892144476449989
leaf_weight=7.8730979561805778 9.3461400270462018 9.3591702282428724 4.8660098165273658 5.9654189944267264 6.4426703453063965 5.1730915978550902 6.7255260348319998 56.400045104324818 5.6090738773345938 8.131947457790373 20.569205611944199 7.0440278500318518 11.034420929849146 281.52393600344658
leaf_count=34 40 42 21 25 27 26 29 267 24 37 105 36 55 1299
internal_value=0.000169672 -0.00922332 0.000271523 0.0100003 -0.00371392 0.000957212 0.00132837 0.000858822 0.018275 0.000181772 -0.00142442 -0.00224243 -0.000866643 -0.00167578
internal_weight=446.064 34.5064 25.1472 20.2812 14.3158 411.557 406.384 399.659 14.9552 384.704 328.304 320.172 299.602 292.558
internal_count=2067 149 107 86 61 1918 1892 1863 64 1799 1532 1495 1390 1354
is_linear=0
shrinkage=0.05


Tree=90
num_leaves=15
num_cat=0
split_feature=6 1 5 6 6 5 5 4 4 3 6 3 5 4
split_gain=4.2142 2.886 4.48344 2.35299 3.85315 2.33393 3.89134 3.33739 2.66664 2.75666 5.80521 5.64429 8.14258 4.36531
threshold=0.65141021553128597 5.5000000000000009 0.025176708422723692 0.40446507668877468 0.5943473982097579 0.037516968255108411 0.04954864227218455 -0.097011603312921829 0.24721858086439893 -0.030355825271351129 2.5549785188179448 -0.017555327160945114 0.010460910464237602 0.088515087474934279
decision_type=10 8 10 10 10 10 10 8 8 10 10 10 10 10
left_child=1 3 -3 -1 -5 8 7 -7 9 10 13 12 -11 -2
right_child=5 2 -4 4 -6 6 -8 -9 -10 11 -12 -13 -14 -15
leaf_value=-0.030655794717065327 0.013371425998050652 -0.035665123849118088 0.015212814390343086 0.016069582768607048 -0.022285965621639179 -0.064701014914801944 0.0053200741836467542 -0.0148471250209323 0.034843844991031457 0.023093286434514287 -0.022185542576900981 0.0022845187414986855 -0.039003964074067012 0.064447198850927576
leaf_weight=6.4305570274591437 53.530253268778324 20.946355007588867 5.4584060683846465 18.902577191591266 10.018143869936464 4.4030094146728516 19.46448341012001 14.130385152995588 6.3613621741533271 7.2655189186334637 11.043633505702017 235.15894640982151 19.308363914489746 4.5379980951547614
leaf_count=31 252 111 28 89 49 21 86 65 28 34 50 1069 98 20
internal_value=-0.000537786 -0.012641 -0.0251476 -0.00329949 0.00278321 0.00145432 -0.0102933 -0.026691 0.00277809 0.00216154 0.0110434 -0.000183748 -0.0220261 0.017363
internal_weight=436.96 61.756 26.4048 35.3513 28.9207 375.204 37.9979 18.5334 337.206 330.845 69.1119 261.733 26.5739 58.0683
internal_count=2031 308 139 169 138 1723 172 86 1551 1523 322 1201 132 272
is_linear=0
shrinkage=0.05


Tree=91
num_leaves=15
num_cat=0
split_feature=6 5 6 6 3 2 5 5 5 6 6 6 13 5
split_gain=3.8255 2.58314 5.16682 6.63293 2.43954 3.66054 2.11234 3.54704 2.41216 2.80869 3.06677 5.8239 2.403 2.52002
threshold=0.65141021553128597 0.02109931403851123 0.58313045456401058 0.40446507668877468 -0.0099157702238471378 94.500000000000014 0.037516968255108411 0.04954864227218455 0.033772898620018199 0.86153485946317854 0.89131505878980943 0.90721323494045425 0.35000000000000003 0.0063939293862693243
decision_type=10 10 8 10 8 10 10 10 10 10 10 10 8 10
left_child=1 4 3 -3 -1 -6 8 -8 9 -2 -11 -12 -13 -14
right_child=6 2 -4 -5 5 -7 7 -9 -10 10 11 12 13 -15
leaf_value=0.0068309132403355293 0.010696996040599809 -0.033807488272391654 -0.035523521196184342 0.030149372662314822 -0.035548332508076701 0.016182579904673144 -0.0255685457204749 0.0050494881375944042 0.022478473950979343 -0.027603617332610075 0.051129985978018294 -0.020976683678456398 -0.030935464090060483 0.0013921591940829524
leaf_weight=6.2008368372917175 68.799221269786358 5.6077688187360826 7.7766553089022628 14.629902713000773 23.194735750555996 4.011040970683097 18.386554211378098 19.481692001223564 14.653221055865286 10.162980638444422 5.5354294106364241 13.829767368733883 6.199719473719596 218.04677326232195
leaf_count=33 322 27 39 69 122 18 86 86 66 49 26 76 30 982
internal_value=-0.000513815 -0.012081 -0.000883704 0.0124272 -0.0214708 -0.0279215 0.00138028 -0.0098168 0.00263763 0.00173634 -0.000692924 0.000429735 -0.000749079 0.000498401
internal_weight=436.516 61.4209 28.0143 20.2377 33.4066 27.2058 375.095 37.8682 337.227 322.574 253.775 243.612 238.076 224.246
internal_count=2031 308 135 96 173 140 1723 172 1551 1485 1163 1114 1088 1012
is_linear=0
shrinkage=0.05


Tree=92
num_leaves=15
num_cat=0
split_feature=6 6 4 5 5 5 5 5 4 4 10 12 4 11
split_gain=3.47535 2.43434 2.40112 3.26157 3.41892 2.71909 1.91044 3.22797 3.17348 2.40994 2.92286 2.8 3.89795 3.06295
threshold=0.65141021553128597 0.63315435217656524 0.041725573358466835 0.018291665732731385 0.0094981158613379017 0.017264964162362846 0.037516968255108411 0.04954864227218455 -0.097011603312921829 0.11362876254180612 41.015000000000008 1.0350000000000004 0.10734701320197586 1.2450000000000003
decision_type=10 8 10 10 10 10 10 10 8 10 10 10 10 10
left_child=1 2 3 4 -1 -4 9 8 -8 10 11 12 -2 -13
right_child=6 -3 5 -5 -6 -7 7 -9 -10 -11 -12 13 -14 -15
leaf_value=0.0022936869535904159 0.0038394393548603933 -0.044440823288537754 0.032159177415771199 -0.00073245025729136784 -0.045752745332156924 -0.0068564494510722288 -0.062227874151742968 0.0047929372856331974 -0.012957515118070162 0.012657025151896571 0.039803039302395066 -0.042168610021879487 -0.04021406814979625 -0.0054710613135004124
leaf_weight=5.251092009246352 213.02299673855305 5.1517189815640441 6.3079386204481152 16.508220046758652 12.555860221385954 15.290548801422117 4.2636401504278183 19.497833222150803 13.997593820095064 49.81806205958128 4.7113823145627967 6.3008543998002997 5.142507776618003 58.266991421580315
leaf_count=26 1012 28 31 85 68 70 21 86 65 220 21 28 22 248
internal_value=-0.000490718 -0.0115522 -0.00852194 -0.0167422 -0.0315843 0.00453825 0.00131044 -0.00935509 -0.0244612 0.00250452 0.000744959 9.41069e-05 0.00280103 -0.00905219
internal_weight=436.087 61.0654 55.9137 34.3152 17.807 21.5985 375.022 37.7591 18.2612 337.263 287.445 282.733 218.166 64.5678
internal_count=2031 308 280 179 94 101 1723 172 86 1551 1331 1310 1034 276
is_linear=0
shrinkage=0.05


Tree=93
num_leaves=15
num_cat=0
split_feature=6 1 5 4 6 6 5 6 4 6 6 6 4 5
split_gain=3.15535 2.56958 4.00843 2.25324 2.00943 3.10108 2.26481 1.80756 4.62907 3.74425 4.98334 3.41804 2.49035 2.46445
threshold=0.65141021553128597 5.5000000000000009 0.025176708422723692 0.050591730661792102 0.40446507668877468 0.5943473982097579 0.017791358433533137 0.86153485946317854 -0.026367256393571539 0.89131505878980943 0.90721323494045425 0.85066066670516272 -0.070000749277968469 0.0089041932277771838
decision_type=10 8 10 10 10 10 10 10 10 10 10 8 10 10
left_child=1 4 3 -3 -1 -6 -7 8 12 -9 -11 13 -2 -10
right_child=7 2 -4 -5 5 6 -8 9 11 10 -12 -13 -14 -15
leaf_value=-0.027852622026240195 0.01365573205840427 -0.042894359610437582 0.015059030312997407 -0.0046064102230071111 0.015209926528864555 0.0096871390790244875 -0.039357482436482988 -0.028078275239617902 0.033776074853805842 0.044348218450650623 -0.0004473045469507071 0.054925940270810963 -0.034168293458169637 0.0059846038087438512
leaf_weight=6.2676989883184424 3.9014400094747534 15.199372112751012 5.4529794603586188 5.1427385807037345 18.919424176216129 3.9577102810144407 5.8087206408381462 11.89146716147661 9.311783552169798 6.3523207902908316 274.35520312190056 4.5221115201711646 9.0053585022687894 55.647000283002853
leaf_count=31 19 85 28 26 89 20 29 57 41 30 1255 19 47 255
internal_value=-0.000468228 -0.0110394 -0.0230098 -0.0332147 -0.0022054 0.00339838 -0.0194828 0.00124432 0.00778637 -0.00059774 0.000566404 0.0128945 -0.0197121 0.00996849
internal_weight=435.735 60.7486 25.7951 20.3421 34.9536 28.6859 9.76643 374.987 82.3877 292.599 280.708 69.4809 12.9068 64.9588
internal_count=2031 308 139 111 169 138 49 1723 381 1342 1285 315 66 296
is_linear=0
shrinkage=0.05


Tree=94
num_leaves=15
num_cat=0
split_feature=6 6 4 4 6 6 6 3 5 6 3 5 5 3
split_gain=2.89703 2.19484 4.34737 6.14172 3.40576 4.45893 3.1766 3.06756 7.20931 3.17181 2.90827 2.82587 4.59867 3.59236
threshold=0.67792305938261377 0.86153485946317854 0.0047528983907868935 0.0175953290858674 0.89131505878980943 0.90721323494045425 0.82276709518388291 -0.04597878154720856 0.015664976113955207 0.74797692354428469 -0.00950193235888179 0.026040547589815045 0.021661420179869651 0.034271880189460015
decision_type=10 10 10 10 10 10 10 10 10 10 10 10 8 10
left_child=-1 2 6 -4 10 -6 7 -2 9 -9 -3 12 13 -5
right_child=1 4 3 11 5 -7 -8 8 -10 -11 -12 -13 -14 -15
leaf_value=-0.009684320116048948 0.020093416322722796 -0.061553245807577921 0.063738108821638884 -0.0035141631271375581 0.041779623741743224 -0.00042497502982233369 0.031213049176998343 0.034875840465845791 -0.071068262078800223 -0.02348555042855632 -0.0091138498884847149 -0.0075439663729974411 0.065211845415274791 0.03843161509555508
leaf_weight=71.029134340584278 4.4849347770214125 3.9986636489629745 6.3550052493810645 14.873768851161008 6.4043183401226988 274.33285661041737 4.2578502222895613 3.824036240577696 5.7872529178857812 5.9510841220617294 7.8044155612587911 13.776455044746397 4.7037118822336188 7.7713784724473944
leaf_count=358 20 21 29 67 30 1255 20 21 31 28 36 60 21 34
internal_value=-0.000446877 0.00135406 0.00918838 0.0179919 -0.000568379 0.000537818 -0.00800941 -0.0163399 -0.0268396 -0.00065452 -0.0268793 0.0109229 0.0202252 0.0108808
internal_weight=435.355 364.326 71.7855 47.4803 292.54 280.737 24.3052 20.0473 15.5624 9.77512 11.8031 41.1253 27.3489 22.6451
internal_count=2031 1673 331 211 1342 1285 120 100 80 49 57 182 122 101
is_linear=0
shrinkage=0.05


Tree=95
num_leaves=15
num_cat=0
split_feature=6 9 3 3 3 5 5 6 6 3 3 6 3 5
split_gain=3.7654 2.5541 2.35872 2.19743 3.60098 4.67273 2.11554 4.21944 3.55861 4.741 6.46443 4.63238 4.34968 3.80531
threshold=0.48069106782535997 0.95500000000000007 -0.017555327160945114 0.0048792439451930429 0.017120068457498316 0.018417879502357012 0.020065772396198989 0.56558636091140635 0.73374418315629175 -0.010479756455227489 0.0016771528110066244 1.6872722030015566 0.0086335977461139118 0.017791358433533137
decision_type=8 8 8 10 10 10 8 10 10 10 8 10 10 10
left_child=2 -2 -1 -4 -5 -6 7 -3 9 -9 -11 13 -12 -10
right_child=1 6 3 4 5 -7 -8 8 11 10 12 -13 -14 -15
leaf_value=0.054450045009986736 0.028706184927872764 -0.031183978695422318 -0.016846097805250149 0.063850969311810155 -0.033181725249868364 0.035888254223134547 -0.0046590947190903072 -0.017479919293301727 -0.0051487723162333531 0.089090761988934952 -0.029123592359330493 0.01613384324425295 0.032730311204114237 0.018667130643748583
leaf_weight=4.2757919654250145 7.6693831831216812 8.8752166107296926 4.5696811974048677 3.9059713631868354 4.1765829399228078 5.9187878221273422 170.85983099043369 6.0820199251174953 139.12012910842896 4.0812112912535641 3.6779880225658514 43.575168512761593 12.508550949394701 19.071730703115463
leaf_count=23 35 45 24 19 23 27 793 32 640 21 19 193 60 86
internal_value=0.00120615 0.000119539 0.0209685 0.0132598 0.0230856 0.00731313 -0.000418014 0.0026396 0.00395556 0.0212365 0.0328547 0.00169875 0.0186756 -0.00227751
internal_weight=438.368 415.521 22.8468 18.571 14.0013 10.0954 407.852 236.992 228.117 26.3498 20.2678 201.767 16.1865 158.192
internal_count=2040 1924 116 93 69 50 1889 1096 1051 132 100 919 79 726
is_linear=0
shrinkage=0.05


Tree=96
num_leaves=15
num_cat=0
split_feature=6 12 5 3 2 3 4 3 3 5 4 5 3 3
split_gain=3.37365 2.12729 2.20185 2.37114 2.58626 2.05054 2.01799 1.97448 3.14229 4.22057 1.95655 2.83983 4.10613 2.52035
threshold=0.48069106782535997 5.0100000000000007 0.060100255625010916 -0.12019306848553055 inf -0.017555327160945114 0.30878550744622185 0.0048792439451930429 0.017120068457498316 0.018417879502357012 0.17333670038640955 0.019894037928859656 0.15078382639688356 0.15078382639688356
decision_type=8 10 10 10 8 8 10 10 10 10 10 10 10 8
left_child=5 2 3 4 -2 -1 10 -7 -9 -10 13 -12 -13 -5
right_child=1 -3 -4 6 -6 7 -8 8 9 -11 11 12 -14 -15
leaf_value=0.0506368643274459 -0.041357275453859907 0.025193403510897518 0.024169936036969677 -0.00044358911631172873 0.0082719124218022782 -0.016122445953892207 -0.027145156587364438 0.059380704686506913 -0.032034814017427922 0.033797940418985525 0.043080462052818569 -0.0067355642469453247 0.045829196045202893 -0.048871491117535235
leaf_weight=4.3654670342803001 7.272402644157407 8.2855327874422056 8.9199259579181653 349.07050509005785 4.1078014448285112 4.5369059741497102 6.8693867772817603 3.9877979457378379 4.1114904358983022 5.9692550152540207 6.0985183566808727 17.331641741096977 4.7288923114538184 2.7074833661317816
leaf_count=23 41 36 39 1620 21 24 32 19 23 27 27 76 20 12
internal_value=0.00114373 0.000112241 -0.000398217 -0.000948577 -0.0234431 0.0197965 -0.000286767 0.0125603 0.0218101 0.00694767 0.000198842 0.0128808 0.00453221 -0.000816318
internal_weight=438.363 415.392 407.107 398.187 11.3802 22.9709 386.806 18.6054 14.0685 10.0807 379.937 28.1591 22.0605 351.778
internal_count=2040 1924 1888 1849 62 116 1787 93 69 50 1755 123 96 1632
is_linear=0
shrinkage=0.05


Tree=97
num_leaves=15
num_cat=1
split_feature=6 9 8 4 3 4 6 6 6 4 3 3 6 6
split_gain=3.02585 2.27068 1.78913 3.43218 3.31971 5.45339 5.84417 3.2641 3.053 4.30481 6.91755 2.96566 2.74232 2.20412
threshold=0.48069106782535997 0.95500000000000007 0 -0.015383658773378748 0.04437827915099285 0.028499863456204057 0.81135697719885103 0.97730839980200634 0.56558636091140635 0.016797649942430912 0.0094847643400382108 0.070572486747864691 0.86153485946317854 1.0794111866562128
decision_type=8 8 9 10 10 8 8 10 10 8 10 8 10 8
left_child=-1 -2 3 7 8 -6 -7 -3 -5 10 12 -8 -10 -4
right_child=1 2 13 4 5 6 11 -9 9 -11 -12 -13 -14 -15
leaf_value=0.018709159470420969 0.026957350680586252 -0.041851893199960605 0.00619160133651586 -0.030624965960012296 -0.062011309717445451 0.041235817572269323 -0.054912489939962998 -0.0012526644386952081 0.023868131245134164 -0.001920200366370404 0.059496070239500279 -0.0015100161498180307 -0.036785621008026695 -0.0022496925655556828
leaf_weight=23.073922231793404 7.7270091623067856 11.714654333889486 135.85371612757444 5.2426585257053366 5.2954331785440445 5.0065845251083383 4.5328395366668692 8.5742790102958661 3.8406254127621677 29.034785211086273 9.0325253158807737 6.0963136553764352 3.6201184540987015 179.5190449282527
leaf_count=116 35 77 602 29 27 22 22 52 22 145 42 26 22 801
internal_value=0.00108592 0.000106285 -0.000403035 -0.00653838 -0.00140094 -0.0181567 -0.00330425 -0.0246943 0.00550694 0.00966761 0.0300668 -0.0242837 -0.00556242 0.00138658
internal_weight=438.165 415.091 407.364 91.9908 71.7019 20.9312 15.6357 20.2889 50.7707 45.5281 16.4933 10.6292 7.46074 315.373
internal_count=2040 1924 1889 486 357 97 70 129 260 231 86 48 44 1403
cat_boundaries=0 1
cat_threshold=1
is_linear=0
shrinkage=0.05


Tree=98
num_leaves=15
num_cat=0
split_feature=6 9 5 6 6 4 6 4 1 4 6 4 10 5
split_gain=2.712 2.03622 1.85043 3.69975 3.14978 5.20221 4.19698 3.42556 3.13282 3.1707 3.09085 6.32403 4.85322 4.31564
threshold=0.48069106782535997 0.95500000000000007 0.020065772396198989 0.56558636091140635 0.73374418315629175 -0.022517185431877394 1.6872722030015566 0.17333670038640955 7.5000000000000009 0.05933692785531295 1.2796653217314617 -0.10773494557888356 13.265000000000002 0.020955076392749458
decision_type=8 8 8 10 10 10 10 8 8 8 8 8 10 10
left_child=-1 -2 3 -3 5 -5 7 -6 9 -7 12 -12 -4 -13
right_child=1 2 10 4 6 8 -8 -9 -10 -11 11 13 -14 -15
leaf_value=0.017656997173560996 0.025443083018072944 -0.02951148283746808 -0.0014390193886162446 -0.024113728387506084 -0.0035874094262636556 0.072563165937129775 0.015300258163357889 0.037574176016565639 0.007995517732133332 0.022082312585350691 0.024785511452040988 -0.061383066330392658 0.049804526896923558 -0.014784016562611427
leaf_weight=23.222486026585102 7.7762315720319748 8.7082584351301175 100.7765660956502 5.3520431295037296 152.70352468639612 6.1795772165060034 43.592206902801991 5.2276494503021231 8.6651556715369207 6.263335749506953 9.4678870439529401 5.5206385031342498 4.842550851404666 49.684859648346901
leaf_count=116 35 45 474 31 703 31 193 23 43 27 44 27 22 226
internal_value=0.00102935 9.83701e-05 -0.00038589 0.00247383 0.00369557 0.0199146 0.001566 -0.00222493 0.0310782 0.0471528 -0.00436066 -0.012969 0.000910456 -0.019444
internal_weight=437.983 414.76 406.984 236.692 227.983 26.4601 201.523 157.931 21.1081 12.4429 170.293 64.6734 105.619 55.2055
internal_count=2040 1924 1889 1096 1051 132 919 726 101 58 793 297 496 253
is_linear=0
shrinkage=0.05


Tree=99
num_leaves=15
num_cat=0
split_feature=5 3 2 4 4 3 4 4 1 4 4 4 11 12
split_gain=1.78013 2.28488 2.77329 2.19045 2.05478 1.97928 5.48433 5.9554 4.26447 3.61965 2.81212 2.70178 2.81045 5.60984
threshold=0.060100255625010916 -0.12019306848553055 inf 0.30878550744622185 0.24721858086439893 -0.032060251816560977 -0.10503623535068596 -0.055140427347580574 1.5000000000000002 0.073141129604594193 0.048446951603029677 0.045098768784170289 3.0750000000000006 1.4150000000000003
decision_type=10 10 8 8 10 10 10 10 10 10 10 10 10 10
left_child=1 2 -1 4 5 9 -7 8 -8 -3 11 12 13 -9
right_child=-2 3 -4 -5 -6 6 7 10 -10 -11 -12 -13 -14 -15
leaf_value=-0.040416717358978983 0.022505122176043415 0.0048082536288504623 0.0092342453146264433 -0.026678335707061192 0.031169087255502277 0.047740646001709512 -0.0082398891284163993 0.004671764288123193 -0.061823028692042217 0.041201800475581724 -0.0052893963197872124 0.031823879904225985 0.031074272946240586 -0.026118502749889246
leaf_weight=7.2480255216360066 9.3962163478136045 67.680881977081299 4.5956432856619367 6.9677872881293288 5.7896643206477156 5.7863394767045966 8.3386389762163144 139.58716925978661 6.6940828561782828 7.5992764979600897 134.63760517537594 8.5061789005994779 8.414044573903082 16.546875163912773
leaf_count=42 41 316 23 33 25 26 39 681 38 34 598 37 35 72
internal_value=0.000976937 0.000504745 -0.0211509 0.00112048 0.00159339 0.00116933 -0.000506429 -0.00137148 -0.0321005 0.00848206 0.000129828 0.00434603 0.00292558 0.00140865
internal_weight=437.788 428.392 11.8437 416.549 409.581 403.791 328.511 322.725 15.0327 75.2802 307.692 173.054 164.548 156.134
internal_count=2040 1999 65 1934 1901 1876 1526 1500 77 350 1423 825 788 753
is_linear=0
shrinkage=0.05


end of trees

feature_importances:
bar_return_5d=282
bar_volume_ratio=250
bar_return_20d=245
bar_vol_20d=227
signal_surprise_pct=78
signal_rank=58
signal_actual_eps=55
signal_estimate_eps=50
bar_regime=43
signal_weight=40
portfolio=27
signal_above_ma_50=22
signal_lookback_days=12
signal_quality_score=11

parameters:
[boosting: gbdt]
[objective: binary]
[metric: binary_logloss]
[tree_learner: serial]
[device_type: cpu]
[data_sample_strategy: bagging]
[data: ]
[valid: ]
[num_iterations: 100]
[learning_rate: 0.05]
[num_leaves: 15]
[num_threads: 0]
[seed: 42]
[deterministic: 0]
[force_col_wise: 0]
[force_row_wise: 0]
[histogram_pool_size: -1]
[max_depth: -1]
[min_data_in_leaf: 20]
[min_sum_hessian_in_leaf: 0.001]
[bagging_fraction: 0.8]
[pos_bagging_fraction: 1]
[neg_bagging_fraction: 1]
[bagging_freq: 5]
[bagging_seed: 400]
[bagging_by_query: 0]
[feature_fraction: 0.8]
[feature_fraction_bynode: 1]
[feature_fraction_seed: 30056]
[extra_trees: 0]
[extra_seed: 12879]
[early_stopping_round: 0]
[early_stopping_min_delta: 0]
[first_metric_only: 0]
[max_delta_step: 0]
[lambda_l1: 0]
[lambda_l2: 0]
[linear_lambda: 0]
[min_gain_to_split: 0]
[drop_rate: 0.1]
[max_drop: 50]
[skip_drop: 0.5]
[xgboost_dart_mode: 0]
[uniform_drop: 0]
[drop_seed: 17869]
[top_rate: 0.2]
[other_rate: 0.1]
[min_data_per_group: 100]
[max_cat_threshold: 32]
[cat_l2: 10]
[cat_smooth: 10]
[max_cat_to_onehot: 4]
[top_k: 20]
[monotone_constraints: ]
[monotone_constraints_method: basic]
[monotone_penalty: 0]
[feature_contri: ]
[forcedsplits_filename: ]
[refit_decay_rate: 0.9]
[cegb_tradeoff: 1]
[cegb_penalty_split: 0]
[cegb_penalty_feature_lazy: ]
[cegb_penalty_feature_coupled: ]
[path_smooth: 0]
[interaction_constraints: ]
[verbosity: -1]
[saved_feature_importance_type: 0]
[use_quantized_grad: 0]
[num_grad_quant_bins: 4]
[quant_train_renew_leaf: 0]
[stochastic_rounding: 1]
[linear_tree: 0]
[max_bin: 255]
[max_bin_by_feature: ]
[min_data_in_bin: 3]
[bin_construct_sample_cnt: 200000]
[data_random_seed: 175]
[is_enable_sparse: 1]
[enable_bundle: 1]
[use_missing: 1]
[zero_as_missing: 0]
[feature_pre_filter: 1]
[pre_partition: 0]
[two_round: 0]
[header: 0]
[label_column: ]
[weight_column: ]
[group_column: ]
[ignore_column: ]
[categorical_feature: 0,7,8]
[forcedbins_filename: ]
[precise_float_parser: 0]
[parser_config_file: ]
[objective_seed: 16083]
[num_class: 1]
[is_unbalance: 0]
[scale_pos_weight: 1]
[sigmoid: 1]
[boost_from_average: 1]
[reg_sqrt: 0]
[alpha: 0.9]
[fair_c: 1]
[poisson_max_delta_step: 0.7]
[tweedie_variance_power: 1.5]
[lambdarank_truncation_level: 30]
[lambdarank_norm: 1]
[label_gain: ]
[lambdarank_position_bias_regularization: 0]
[eval_at: ]
[multi_error_top_k: 1]
[auc_mu_weights: ]
[num_machines: 1]
[local_listen_port: 12400]
[time_out: 120]
[machine_list_filename: ]
[machines: ]
[gpu_platform_id: -1]
[gpu_device_id: -1]
[gpu_use_dp: 0]
[num_gpu: 1]

end of parameters

pandas_categorical:[["earnings_drift", "momentum", "quality_value", "sector_rotation", "tail_risk_hedge", "thematic_momentum"], ["bear", "bull", "crash", "neutral"], [true]]
